Product Name,Vintage,Price,Bottle Size,Product Link,Product ID,Bottle Quantity
19 CRIMES CALI ROSE 750ML,nv,13.99,750ml,https://shop.oceanwineandspirits.com/product/012354005006,12354005006,
ALBERT BICHOT CHASSAGNE MONTRACHET BLANC 750ML,nv,159.99,750ml,https://shop.oceanwineandspirits.com/product/210000000043,2.1E+11,
ACE OF SPADES BRUT W/ WOODEN GIFT BOX,nv,299.99,750ml,https://shop.oceanwineandspirits.com/product/210000000047,2.1E+11,
AGUSTI TORELLO MATA CAVA RESERVA 750ML,nv,22.99,750ml,https://shop.oceanwineandspirits.com/product/210000000052,2.1E+11,
ALONSO YERRO PAYDOS 2016 750ML,2016,44.99,750ml,https://shop.oceanwineandspirits.com/product/210000000057,2.1E+11,
TWO SQUARED ALPHA OMEGA NAPA RED 750ML,nv,49.99,750ml,https://shop.oceanwineandspirits.com/product/892283001481,8.92283E+11,
Aresti Trisquel,nv,0,750ml,https://shop.oceanwineandspirits.com/product/210000000069,2.1E+11,
ARGENTIERA VILLA DONORATICO BOLGHERI ROSSO,nv,29.97,750ml,https://shop.oceanwineandspirits.com/product/210000000070,2.1E+11,
ARNALDO CAPRAI 2016 MONTEFALCO ROSSO 750ML,2016,22.98,750ml,https://shop.oceanwineandspirits.com/product/210000000071,2.1E+11,
ARTADI VINAS DE GAIN 2019 750ML,2019,26.99,750ml,https://shop.oceanwineandspirits.com/product/210000000074,2.1E+11,
ARTAZU 2016 TINTO 750ML,2016,19.98,750ml,https://shop.oceanwineandspirits.com/product/210000000075,2.1E+11,
AUVIGUE POUILLY-FUISSE,nv,39.97,750ml,https://shop.oceanwineandspirits.com/product/210000000078,2.1E+11,
B LEIGHTON 750ML,nv,29.98,750ml,https://shop.oceanwineandspirits.com/product/210000000080,2.1E+11,
BACCHUS PINOT NOIR,nv,13.97,750ml,https://shop.oceanwineandspirits.com/product/210000000088,2.1E+11,
BANFI ASKA 2020 BOLGHERI ROSSO 750ML,2020,34.99,750ml,https://shop.oceanwineandspirits.com/product/210000000093,2.1E+11,
BARON DE LEY FINCA MONASTERIO RIOJA,nv,19.99,750ml,https://shop.oceanwineandspirits.com/product/210000000097,2.1E+11,
B&G BORDEAUX RG CUVEE RAMBAUD 750ML,nv,11.99,750ml,https://shop.oceanwineandspirits.com/product/210000000106,2.1E+11,
BISOL JEIO PROSECCO DOC 750ML,nv,14.99,750ml,https://shop.oceanwineandspirits.com/product/210000000109,2.1E+11,
BIUTIFUL CAVA ROSE 750ML,nv,15.99,750ml,https://shop.oceanwineandspirits.com/product/210000000110,2.1E+11,
BLACK BOX RED SANGRIA 3L,nv,19.99,3L,https://shop.oceanwineandspirits.com/product/210000000112,2.1E+11,
BODVAR No 8 ROSE 750ML,nv,19.99,750ml,https://shop.oceanwineandspirits.com/product/210000000119,2.1E+11,
BOEKENHOUTSKLOOF CHOCOLATE BLOCK 750ML,nv,30.99,750ml,https://shop.oceanwineandspirits.com/product/210000000120,2.1E+11,
BOGLE CHARDONNAY 2020 750ML,2020,9.98,750ml,https://shop.oceanwineandspirits.com/product/210000000121,2.1E+11,
BRADY VDY CABERNET SAUVIGNON 750ML,nv,21.99,750ml,https://shop.oceanwineandspirits.com/product/210000000126,2.1E+11,
BUENA VISTA CHARDONNAY CARNEROS 750ML,nv,19.98,750ml,https://shop.oceanwineandspirits.com/product/081188207504,81188207504,
CHATEAU BUENA VISTA PINOT NOIR 750ML,nv,39.99,750ml,https://shop.oceanwineandspirits.com/product/081188207511,81188207511,
BY OTT ROSE 1.5L,nv,59.99,1.5L,https://shop.oceanwineandspirits.com/product/734599240041,7.34599E+11,
CONCHA Y TORO MARQUES DE CASA 2020 CONCHA CARMENERE 750ML,2020,22.98,750ml,https://shop.oceanwineandspirits.com/product/082734365273,82734365273,
CONCHO Y TORO CASIL DIABLO CABERNET SAUVIGNON 750ML,nv,9.99,750ml,https://shop.oceanwineandspirits.com/product/082734001096,82734001096,
CH HAUT-COLOMBIER COTES DE BORDEAUX 750ML,nv,16.99,750ml,https://shop.oceanwineandspirits.com/product/873964000412,8.73964E+11,
CH ST MICH SAUV BLANC,nv,9.97,750ml,https://shop.oceanwineandspirits.com/product/088586630989,88586630989,
CHANDON BRUT  187ML,nv,9.99,187ml,https://shop.oceanwineandspirits.com/product/085155001010,85155001010,
CHANDON BRUT SPARKLING WINE CALI,nv,17.99,750ml,https://shop.oceanwineandspirits.com/product/85155002017,85155002017,
Cecchi Chianti,nv,18.99,750ml,https://shop.oceanwineandspirits.com/product/086891083872,86891083872,
CHIARLO BARBERA 2018 D'ASTI LE ORME 750ML,2018,15.99,750ml,https://shop.oceanwineandspirits.com/product/084692441341,84692441341,
CHIARLO BAROLO TORTONIANO 2019 750ML,2019,59.99,750ml,https://shop.oceanwineandspirits.com/product/084692441501,84692441501,
CONCHA Y TORO GRAN RESERVA 2019 PRESERVING WATERSHEDS CABERNET SAUVIGNON  750ML,2019,16.99,750ml,https://shop.oceanwineandspirits.com/product/082734413837,82734413837,
COPA WHITE ZINFANDEL,nv,3.49,750ml,https://shop.oceanwineandspirits.com/product/890128001276,8.90128E+11,
COPPOLA CABERNET SAUVIGNON PASO ROBLES 750ML,nv,17.98,750ml,https://shop.oceanwineandspirits.com/product/739958194805,7.39958E+11,
COPPOLA PINOT NOIR S BERBARA 750ML,nv,17.98,750ml,https://shop.oceanwineandspirits.com/product/739958174524,7.39958E+11,
CORREGGIA NEBBIOLO ROERO 2019 750ML,2019,21.99,750ml,https://shop.oceanwineandspirits.com/product/8032532312698,8.03253E+12,
CORVO MOSCATO,nv,10.99,750ml,https://shop.oceanwineandspirits.com/product/891006000657,8.91006E+11,
CRITERION CENTRAL OTAGO PINOT NOIR 750ML,nv,19.98,750ml,https://shop.oceanwineandspirits.com/product/839728009039,8.39728E+11,
CROFT TAWNY PORTO,nv,19.99,750ml,https://shop.oceanwineandspirits.com/product/084692616879,84692616879,
DASSAI JUNMAI DAIGINJO SAKE 720ML,nv,89.99,750ml,https://shop.oceanwineandspirits.com/product/072546088002,72546088002,
DUMOL PINOT NOIR WESTERN RANCH,nv,79.99,750ml,https://shop.oceanwineandspirits.com/product/814460010499,8.1446E+11,
COTTANERA ETNA ROSSO 2019 750ML,2019,29.97,750ml,https://shop.oceanwineandspirits.com/product/8032568960115,8.03257E+12,
FAUST CABERNET SAUVIGNON 3L CS,nv,299.99,3L,https://shop.oceanwineandspirits.com/product/10160,10160,
FAUST THE PACT CABERNET SAUVIGNON 750ML,nv,124.99,750ml,https://shop.oceanwineandspirits.com/product/859369001155,8.59369E+11,
FERRARI CARANO SIENA 750ML,nv,21.99,750ml,https://shop.oceanwineandspirits.com/product/742651184295,7.42651E+11,
FONTODI CHIANTI CLASSICO 2019 750ML,2019,49.98,750ml,https://shop.oceanwineandspirits.com/product/607531182474,6.07531E+11,
FONTODI FLACCIANELLO 2015 750ML CS,2015,199.98,750ml,https://shop.oceanwineandspirits.com/product/607531462330,6.07531E+11,
FROGS LEAP CABERNET SAUVIGNON 750ML,nv,69.98,750ml,https://shop.oceanwineandspirits.com/product/715962082130,7.15962E+11,
GARY FARRELL CHARDONNAY RUSSIAN RIVER VALLEY 750ML,nv,34.99,750ml,https://shop.oceanwineandspirits.com/product/837434000050,8.37434E+11,
GIRARDIN BOURGOGNE BLANC CUVEE VINCENT,nv,23.99,750ml,https://shop.oceanwineandspirits.com/product/089419713978,89419713978,
GNARLY HEAD ZINFANDEL 750ML,nv,9.99,750ml,https://shop.oceanwineandspirits.com/product/082242294935,82242294935,
HAHN SLH PINOT NOIR 750ML,nv,23.99,750ml,https://shop.oceanwineandspirits.com/product/086788018871,86788018871,
HDV CHARDONNAY CARNEROS,nv,79.99,750ml,https://shop.oceanwineandspirits.com/product/10133,10133,
HESS COLLECTION MT VEEDER CABERNET SAUVIGNON 750ML,nv,79.98,750ml,https://shop.oceanwineandspirits.com/product/717888110225,7.17888E+11,
HIDALGO MANZANILLA LA GITANA 750ML,nv,19.97,750ml,https://shop.oceanwineandspirits.com/product/8411705100117,8.41171E+12,
INGLENOOK CABERNET SAUVIGNON 750ML,nv,79.99,750ml,https://shop.oceanwineandspirits.com/product/896136001000,8.96136E+11,
J DUMONT SANCERRE 2022 750ML,2022,27.99,750ml,https://shop.oceanwineandspirits.com/product/084692623204,84692623204,
LOUIS JADOT GEVREY CHAMBERTIN 750ML,nv,94.99,750ml,https://shop.oceanwineandspirits.com/product/084692412440,84692412440,
K VINTNERS POWERLINE SYRAH,nv,29.97,750ml,https://shop.oceanwineandspirits.com/product/184745006104,1.84745E+11,
KIRINZAN SAKE 720ML,nv,19.99,750ml,https://shop.oceanwineandspirits.com/product/844650025040,8.4465E+11,
LA SPINETTA NEBBIOLO LANGHE 750ML,nv,37.99,750ml,https://shop.oceanwineandspirits.com/product/8022252111510,8.02225E+12,
LA VILLAUDIERE SANCERRE,nv,29.99,750ml,https://shop.oceanwineandspirits.com/product/807169001189,8.07169E+11,
LAGAR DE CERVERA ALBARINO  750ML,nv,23.99,750ml,https://shop.oceanwineandspirits.com/product/890841002079,8.90841E+11,
LOUIS BERNARD COTES DU RHONE,nv,9.97,750ml,https://shop.oceanwineandspirits.com/product/604174000639,6.04174E+11,
LOUIS MARTINI CABERNET SAUVIGNON NAPA VALLEY 750ML,nv,52.99,750ml,https://shop.oceanwineandspirits.com/product/085000011645,85000011645,
B&G M De Magnol Bordeaux 750ml,nv,20.99,750ml,https://shop.oceanwineandspirits.com/product/210000000486,2.1E+11,
MAISON 9 ROSE 750ML,nv,19.99,750ml,https://shop.oceanwineandspirits.com/product/818252020901,8.18252E+11,
MALYSE ROSE COTES DE PROVENCE,nv,11.99,750ml,https://shop.oceanwineandspirits.com/product/186726000484,1.86726E+11,
MARABINO ROSSO CONTRADA SICILIAN 2018 750ML,2018,19.99,750ml,https://shop.oceanwineandspirits.com/product/607531888895,6.07532E+11,
MAS DE LEDA TEMPRANILLO CASTILLA Y LEON 750ML,nv,14.98,750ml,https://shop.oceanwineandspirits.com/product/8436031871081,8.43603E+12,
MER SOLEIL CHARD RSV MONTEREY  750ML,nv,17.99,750ml,https://shop.oceanwineandspirits.com/product/710909710107,7.1091E+11,
MICHAEL & DAVID LODI ZINFANDEL,nv,9.98,750ml,https://shop.oceanwineandspirits.com/product/652935100692,6.52935E+11,
MINUTY PRESTIGE ROSE 750ML,nv,29.99,750ml,https://shop.oceanwineandspirits.com/product/852165006614,8.52165E+11,
MONTES ALPHA CABERNET SAUVIGNON 750ML,nv,17.99,750ml,https://shop.oceanwineandspirits.com/product/715126000116,7.15126E+11,
MONTES ALPHA 2021 CARMENERE 750ML,2021,18.99,750ml,https://shop.oceanwineandspirits.com/product/715126900195,7.15127E+11,
NICKEL & NICKEL SULLENGER CABERNET SAUVIGNON 750ML,nv,103.99,750ml,https://shop.oceanwineandspirits.com/product/686014000528,6.86014E+11,
NICOLAS FEUILLATTE BLANC DE BLANC 750ML,nv,62.99,750ml,https://shop.oceanwineandspirits.com/product/088586004049,88586004049,
MICHEL NIELLON 2019 CHASSAGNE MONTRACHET 750ML,2019,74.99,750ml,https://shop.oceanwineandspirits.com/product/010168,10168,
NORTON COLLECTION 1895 MALBEC 750ML,nv,9.99,750ml,https://shop.oceanwineandspirits.com/product/717888790120,7.17889E+11,
OPUS ONE 2017 750ML,2017,379.99,750ml,https://shop.oceanwineandspirits.com/product/210000000562,2.1E+11,
PAGO DE CARRAOVEJAS RIBERA DEL DUERO 2019 750ML,2019,59.99,750ml,https://shop.oceanwineandspirits.com/product/8426411002198,8.42641E+12,
PAZO SAN MAURO ALBARINO 2021 750ML,2021,21.99,750ml,https://shop.oceanwineandspirits.com/product/8429345023086,8.42935E+12,
PELISSERO BARBARESCO NUBIOLA 2016 750ML,2016,46.98,750ml,https://shop.oceanwineandspirits.com/product/607531005186,6.07531E+11,
PELISSERO DOLCETTO D'ALBA MUNFRINA 2020 750ML,2020,21.98,750ml,https://shop.oceanwineandspirits.com/product/607531006312,6.07531E+11,
FAMILLE LE PERRIN CHATEAUNEUF DU PAPE 2021 WHITE  750ML,2021,39.99,750ml,https://shop.oceanwineandspirits.com/product/631471000383,6.31471E+11,
PLUMPJACK MERLOT 750ML,nv,89.99,750ml,https://shop.oceanwineandspirits.com/product/10087,10087,
POEMA BRUT CAVA,nv,13.99,750ml,https://shop.oceanwineandspirits.com/product/084692511204,84692511204,
POWERS CHAMPOUX VDY RESERVE CABERNET SAUVIGNON 750ML,nv,29.98,750ml,https://shop.oceanwineandspirits.com/product/093532000129,93532000129,
RAEBURN CHARDONNAY SONOMA COUNTY 750ML,nv,16.99,750ml,https://shop.oceanwineandspirits.com/product/851718000970,8.51718E+11,
RAYMOND RESERVE CABERNET SAUVIGNON NAPA 750ML,nv,48.99,750ml,https://shop.oceanwineandspirits.com/product/087447218724,87447218724,
LA RIOJA ALTA GRAN RESERVA 904 RIOJA 2015 750ML,2015,86.99,750ml,https://shop.oceanwineandspirits.com/product/890841002024,8.90841E+11,
RUINART CHAMPAGNE BRUT ROSE 750ML,nv,106.99,750ml,https://shop.oceanwineandspirits.com/product/088076167353,88076167353,
SONOMA COAST SAUVIGNON BLANC,nv,13.99,750ml,https://shop.oceanwineandspirits.com/product/10077,10077,
ST SUPERY DOLLARHIDE CABERNET SAUVIGNON 750ML,nv,99.98,750ml,https://shop.oceanwineandspirits.com/product/040951175228,40951175228,
ST SUPERY DOLLARHIDE SAUVIGNON BLANC 750ML,nv,31.98,750ml,https://shop.oceanwineandspirits.com/product/040951375222,40951375222,
ST SUPERY RUTHERFORD MERLOT 750ML,nv,69.98,750ml,https://shop.oceanwineandspirits.com/product/040951575189,40951575189,
STAGS LEAP WINERY PETITE SYRAH 750ML,nv,39.99,750ml,https://shop.oceanwineandspirits.com/product/089819045853,89819045853,
STARMONT CABERNET SAUVIGNON 375ML,nv,11.99,375ml,https://shop.oceanwineandspirits.com/product/040426991513,40426991513,
STEELE CATFISH VYD ZINFANDEL,nv,11.97,750ml,https://shop.oceanwineandspirits.com/product/763312479338,7.63312E+11,
TAKARA PLUM WINE 750ML,nv,9.99,750ml,https://shop.oceanwineandspirits.com/product/086395365009,86395365009,
TEOFILO REYES RIBERA DEL DUERO,nv,24.98,750ml,https://shop.oceanwineandspirits.com/product/855781001216,8.55781E+11,
THICK SKINNED RED MOUNTAIN RED BLEND 750ML,nv,33.99,750ml,https://shop.oceanwineandspirits.com/product/860505000406,8.60505E+11,
TRIANA PEDRO XIMENEZ 750ML,nv,24.99,750ml,https://shop.oceanwineandspirits.com/product/8411705100438,8.41171E+12,
TRUCHARD MERLOT 750ML,nv,24.98,750ml,https://shop.oceanwineandspirits.com/product/10118,10118,
TUCK BECKSTOFFER THE SUM 750ML,nv,22.99,750ml,https://shop.oceanwineandspirits.com/product/892026001129,8.92026E+11,
TURNBULL CABERNET SAUVIGNON NAPA 750ML,nv,54.99,750ml,https://shop.oceanwineandspirits.com/product/793589017506,7.93589E+11,
TYPESETTER 750ML,nv,39.99,750ml,https://shop.oceanwineandspirits.com/product/210000000766,2.1E+11,
VIEUX TELEGRAPHE CHATEAUNEUF DU PAPE RED 750ML,nv,99.98,750ml,https://shop.oceanwineandspirits.com/product/761503633217,7.61504E+11,
VINA TONDONIA RED RIOJA RES 750ML,nv,49.99,750ml,https://shop.oceanwineandspirits.com/product/815783000013,8.15783E+11,
VINA TONDONIA RES WHITE,nv,59.99,750ml,https://shop.oceanwineandspirits.com/product/815783000068,8.15783E+11,
VOLPI PINOT GRIGIO SALAME,nv,7.99,750ml,https://shop.oceanwineandspirits.com/product/765171123483,7.65171E+11,
WARRES OTIMA 10 YEAR,nv,24.99,750ml,https://shop.oceanwineandspirits.com/product/089419003161,89419003161,
WELLINGTON PALO CORTADO 500ML,nv,39.99,500ml,https://shop.oceanwineandspirits.com/product/8411705102845,8.41171E+12,
WHIPLASH REDEMPTION,nv,9.99,750ml,https://shop.oceanwineandspirits.com/product/858698002352,8.58698E+11,
YUKI OTOKO YETI SAKE,nv,27.99,750ml,https://shop.oceanwineandspirits.com/product/844650000108,8.4465E+11,
ZD CHARDONNAY,nv,37.99,750ml,https://shop.oceanwineandspirits.com/product/210000000811,2.1E+11,
ZONIN VALPOLICELLA RIPASSO,nv,19.98,750ml,https://shop.oceanwineandspirits.com/product/876153001351,8.76153E+11,
ZORZAL CABERNET FRANC,nv,0,750ml,https://shop.oceanwineandspirits.com/product/813495012119,8.13495E+11,
ZUCCARDI MALBEC 2021 750ML,2021,39.99,750ml,https://shop.oceanwineandspirits.com/product/089832849223,89832849223,
ZUCCARDI TORRONTES 2022 SERIE A 750ML,2022,15.99,750ml,https://shop.oceanwineandspirits.com/product/089832849513,89832849513,
1000 STORIES CABERNET SAUVIGNON 750ML,nv,17.99,750ml,https://shop.oceanwineandspirits.com/product/210000000825,2.1E+11,
14 HANDS CABERNET SAUVIGNON 750ML,nv,13.99,750ml,https://shop.oceanwineandspirits.com/product/088586001895,88586001895,
14 HANDS CHARDONNAY 750ML,nv,9.99,750ml,https://shop.oceanwineandspirits.com/product/088586001765,88586001765,
14 HANDS MERLOT 750ML,nv,12.99,750ml,https://shop.oceanwineandspirits.com/product/088586001772,88586001772,
14 HANDS PINOT GRIGIO 750ML,nv,10.99,750ml,https://shop.oceanwineandspirits.com/product/210000000832,2.1E+11,
19 CRIMES CABERNET SAUVIGNON 750ML,nv,9.98,750ml,https://shop.oceanwineandspirits.com/product/210000000864,2.1E+11,
19 CRIMES CALI RED 750ML,nv,12.99,750ml,https://shop.oceanwineandspirits.com/product/012354004290,12354004290,
19 CRIMES MARTHA'S CHARD 750ML,nv,13.97,750ml,https://shop.oceanwineandspirits.com/product/210000000866,2.1E+11,
19 CRIMES RED WINE 750ML,nv,11.99,750ml,https://shop.oceanwineandspirits.com/product/012354000995,12354000995,
KOSTA BROWNE P. NOIR SLH 750ML,nv,119.99,750ml,https://shop.oceanwineandspirits.com/product/KB17B,KB17B,
KOSTA BROWNE PINOT NOIR 750ML SONOMA,nv,119.99,750ml,https://shop.oceanwineandspirits.com/product/KB17A,KB17A,
KOSTA BROWNE PINOT NOIR RRV 750ML,nv,119.99,750ml,https://shop.oceanwineandspirits.com/product/KB17,KB17,
22 PIRATES RED 750ML,nv,21.99,750ml,https://shop.oceanwineandspirits.com/product/210000000871,2.1E+11,
SEVEN  DAUGHTERS MOSCATO 750ML,nv,10.99,750ml,https://shop.oceanwineandspirits.com/product/086891080031,86891080031,
7 DEADLY ZINS ZINFANDEL 750ML,nv,0,750ml,https://shop.oceanwineandspirits.com/product/210000000876,2.1E+11,
ORIN SWIFT 8 YEARS IN THE DESSERT 750ML,nv,43.99,750ml,https://shop.oceanwineandspirits.com/product/85000026700,85000026700,
9 LIVES CABERNET SAUVIGNON 750ML CHILE,nv,12.99,750ml,https://shop.oceanwineandspirits.com/product/210000000890,2.1E+11,
9 LIVES MALBEC 750ML,nv,0,750ml,https://shop.oceanwineandspirits.com/product/210000000891,2.1E+11,
A. BICHOT POUILLY FUISSE 750ML 2019,2019,29.99,750ml,https://shop.oceanwineandspirits.com/product/87113114305,87113114305,
A TO Z CHARDONNAY 750ML OREGON,nv,13.99,750ml,https://shop.oceanwineandspirits.com/product/210000000916,2.1E+11,
A TO Z PINOT GRIS 750ML,nv,14.99,750ml,https://shop.oceanwineandspirits.com/product/210000000917,2.1E+11,
A TO Z PINOT NOIR 750ML OREGON,nv,18.99,750ml,https://shop.oceanwineandspirits.com/product/210000000918,2.1E+11,
AALTO RIBERA DEL DUERO 750ML SPAIN,nv,49.99,750ml,https://shop.oceanwineandspirits.com/product/210000000920,2.1E+11,
ACHAVAL FERRER 2017 MENDOZA,2017,24.99,750ml,https://shop.oceanwineandspirits.com/product/210000000955,2.1E+11,
ACHAVAL FERRER MALBEC 750ML,nv,17.99,750ml,https://shop.oceanwineandspirits.com/product/874053000528,8.74053E+11,
ACHAVAL FERRER QUIMERA MALBEC 750ML,nv,49.99,750ml,https://shop.oceanwineandspirits.com/product/210000000957,2.1E+11,
ACROBAT PINOT NOIR 750ML OREGON,nv,18.99,750ml,https://shop.oceanwineandspirits.com/product/210000000964,2.1E+11,
ADELSHEIM BREAKING GROUND 750ML 2017,2017,59.99,750ml,https://shop.oceanwineandspirits.com/product/210000000965,2.1E+11,
ADELSHEIM PINOT NOIR 750ML WILLAMETTE VALLEY,nv,0,750ml,https://shop.oceanwineandspirits.com/product/210000000966,2.1E+11,
ADORADA PINOT GRIS 750ML,nv,19.99,750ml,https://shop.oceanwineandspirits.com/product/210000000969,2.1E+11,
ADUENTUS ANTIGAL 750ML 2015,2015,22.99,750ml,https://shop.oceanwineandspirits.com/product/210000000970,2.1E+11,
AIX ROSE 750ML,nv,19.99,750ml,https://shop.oceanwineandspirits.com/product/210000000977,2.1E+11,
ALAMOS MALBEC 750ML,nv,9.99,750ml,https://shop.oceanwineandspirits.com/product/210000000978,2.1E+11,
ALAMOS SELECCION 2014 MALBEC 750ML,2014,17.99,750ml,https://shop.oceanwineandspirits.com/product/210000000979,2.1E+11,
ALAYA TIERRA 750ML SPAIN,nv,32.99,750ml,https://shop.oceanwineandspirits.com/product/210000000980,2.1E+11,
ALFRED GRATIEN ROSE 750ML,nv,49.99,750ml,https://shop.oceanwineandspirits.com/product/210000000984,2.1E+11,
ALL OR NOTHING RED BLEND 750ML,nv,34.99,750ml,https://shop.oceanwineandspirits.com/product/210000000988,2.1E+11,
ALLAMAND VALLE DE UCO CABERNET SAUVIGNON 750ML,nv,19.99,750ml,https://shop.oceanwineandspirits.com/product/210000000989,2.1E+11,
ALLEGRINI AMARONE 750ML  ITALY,nv,79.99,750ml,https://shop.oceanwineandspirits.com/product/210000000991,2.1E+11,
ALLEGRINI VALPOLICELA 750ML ITALY,nv,15.97,750ml,https://shop.oceanwineandspirits.com/product/210000000992,2.1E+11,
ALTA VISTA VINEYARD MALBEC 750ML,nv,26.99,750ml,https://shop.oceanwineandspirits.com/product/210000000993,2.1E+11,
ALTAMURA CABERNET SAUVIGNON 750ML,nv,135.99,750ml,https://shop.oceanwineandspirits.com/product/9801,9801,
ALTESINO ROSSO DI MONTALCINO 750ML,nv,24.97,750ml,https://shop.oceanwineandspirits.com/product/210000000995,2.1E+11,
ALTOS DEL PLATA CHARDONNAY 750ML,nv,12.99,750ml,https://shop.oceanwineandspirits.com/product/210000000998,2.1E+11,
ALTOS LAS HORMIGAS MALBEC 750ML,nv,9.99,750ml,https://shop.oceanwineandspirits.com/product/210000000999,2.1E+11,
ALVARO PALACIOS PRIORAT 750ML SPAIN,nv,26.99,750ml,https://shop.oceanwineandspirits.com/product/210000001001,2.1E+11,
ALVERDI PINOT GRIGIO 750ML ITALY,nv,9.99,750ml,https://shop.oceanwineandspirits.com/product/210000001002,2.1E+11,
AMADO SUR MALBEC 750ML,nv,14.99,750ml,https://shop.oceanwineandspirits.com/product/210000001003,2.1E+11,
AMALAYA MALBEC 750ML,nv,11.99,750ml,https://shop.oceanwineandspirits.com/product/210000001004,2.1E+11,
AMARONE-ROCCOLO GRASSI 750ML ITALY,nv,86.99,750ml,https://shop.oceanwineandspirits.com/product/210000001007,2.1E+11,
AMIRAL DE BEYCHEVELLE 2008 750ML FRANCE-SAINT JULIEN,2008,44.99,750ml,https://shop.oceanwineandspirits.com/product/SKU000032,SKU000032,
AMURADO CABERNET SAUVIGNON 750ML,nv,9.99,750ml,https://shop.oceanwineandspirits.com/product/210000001021,2.1E+11,
AMURADO CABERNET SAUVIGNON RSV 750ML,nv,13.99,750ml,https://shop.oceanwineandspirits.com/product/210000001022,2.1E+11,
AMURADO CHARDONNAY RESERVA 750ML,nv,7.99,750ml,https://shop.oceanwineandspirits.com/product/210000001023,2.1E+11,
AMURADO CHARDONNAY RESERVA 750ML I,nv,7.99,750ml,https://shop.oceanwineandspirits.com/product/210000001024,2.1E+11,
AMURADO GRAN CORTE RESERVA 750ML,nv,19.99,750ml,https://shop.oceanwineandspirits.com/product/210000001025,2.1E+11,
AMURADO MALBEC 750ML,nv,9.99,750ml,https://shop.oceanwineandspirits.com/product/210000001026,2.1E+11,
AMURADO MALBEC RESERVA 750ML,nv,0,750ml,https://shop.oceanwineandspirits.com/product/210000001027,2.1E+11,
ANGELINE PINOT NOIR 750ML,nv,14.99,750ml,https://shop.oceanwineandspirits.com/product/210000001031,2.1E+11,
ANGELO SASSETTI BRUNELLO DI 750ML MONTALCINO(]ITALY,nv,59.99,750ml,https://shop.oceanwineandspirits.com/product/210000001032,2.1E+11,
ANNA CODORNIU BLANC DE BLANC CAVA 750ML,nv,11.99,750ml,https://shop.oceanwineandspirits.com/product/210000001044,2.1E+11,
ANNA CODORNIU BRUT ROSE CAVA 750ML,nv,11.99,750ml,https://shop.oceanwineandspirits.com/product/210000001045,2.1E+11,
ANTIGAL ANTIGAL 1.5L,nv,39.99,1.5L,https://shop.oceanwineandspirits.com/product/210000001047,2.1E+11,
ANTIGAL UNO MALBEC 750ML,nv,14.98,750ml,https://shop.oceanwineandspirits.com/product/210000001048,2.1E+11,
ANTINORI VERMENTINO 750ML ITALY,nv,22.99,750ml,https://shop.oceanwineandspirits.com/product/88586002632,88586002632,
ANTINORI VILLA TOSCANA BIANCO ITALY 750ML,nv,14.99,750ml,https://shop.oceanwineandspirits.com/product/88586002793,88586002793,
ANTINORI VILLA TOSCANA ITALY ROSSO 750ML,nv,21.99,750ml,https://shop.oceanwineandspirits.com/product/0810147310029,8.10147E+11,
APEROL APERITIVO 750ML,nv,27.99,750ml,https://shop.oceanwineandspirits.com/product/210000001054,2.1E+11,
APOTHIC CABERNET SAUVIGNON 750ML,nv,9.99,750ml,https://shop.oceanwineandspirits.com/product/85000030967,85000030967,
APOTHIC CRUSH 750ML,nv,10.99,750ml,https://shop.oceanwineandspirits.com/product/210000001056,2.1E+11,
APOTHIC DARK 750ML,nv,9.99,750ml,https://shop.oceanwineandspirits.com/product/85000022863,85000022863,
APOTHIC INFERNO 750ML,nv,15.99,750ml,https://shop.oceanwineandspirits.com/product/210000001058,2.1E+11,
APOTHIC RED 750ML,nv,9.99,750ml,https://shop.oceanwineandspirits.com/product/85000017746,85000017746,
APOTHIC RED 2 PACK 250ML,nv,10.99,750ml,https://shop.oceanwineandspirits.com/product/210000001060,2.1E+11,
APOTHIC RED 375ML,nv,3.99,375ml,https://shop.oceanwineandspirits.com/product/210000001061,2.1E+11,
APOTHIC WHITE 750ML,nv,9.99,750ml,https://shop.oceanwineandspirits.com/product/210000001062,2.1E+11,
ARGIANO BRUNELLO DI MONTALCINO 750ML TUSCANY ITALY,nv,73.99,750ml,https://shop.oceanwineandspirits.com/product/210000001079,2.1E+11,
ARGIANO ROSSO 2021 DI MONTALCINO 750ML ITALY,2021,34.99,750ml,https://shop.oceanwineandspirits.com/product/210000001080,2.1E+11,
ARGIANO ROSSO TOSCANO 750ML ITALY,nv,17.99,750ml,https://shop.oceanwineandspirits.com/product/210000001081,2.1E+11,
ARMAND DE BRIGNAC BRUT 750ML CS,nv,289.99,750ml,https://shop.oceanwineandspirits.com/product/BRIGNAC,BRIGNAC,
ARMAND DE BRIGNAC BRUT ROSE 750ML CS,nv,489.99,750ml,https://shop.oceanwineandspirits.com/product/BRIGNACROSE,BRIGNACROSE,
ARTEZIN ZINFANDEL 750ML,nv,0,750ml,https://shop.oceanwineandspirits.com/product/210000001085,2.1E+11,
ATLAS PEAK CABERNET SAUVIGNON 750ML,nv,26.99,750ml,https://shop.oceanwineandspirits.com/product/210000001090,2.1E+11,
ATTECA ARMAS GARNACHA 750ML SPAIN-CALATAYUD,nv,39.99,750ml,https://shop.oceanwineandspirits.com/product/210000001091,2.1E+11,
AU BON CLIMAT CHARDONNAY 750ML 2019 SANTA BARBARA,2019,24.99,750ml,https://shop.oceanwineandspirits.com/product/210000001092,2.1E+11,
AUGUSTE ANTONIN BEAUJOLAIS 750ML ITALY,nv,18.99,750ml,https://shop.oceanwineandspirits.com/product/AUANBEAUJ,AUANBEAUJ,
AUGUSTE ANTONIN CHATEAUNEUF 750ML ITALY,nv,39.99,750ml,https://shop.oceanwineandspirits.com/product/AUANCHAT,AUANCHAT,
AUROS CABERNET SAUVIGNON 750ML,nv,36.99,750ml,https://shop.oceanwineandspirits.com/product/210000001099,2.1E+11,
AUSTIN HOPE PASO ROBLES CABERNET SAUVIGNON 750ML,nv,49.98,750ml,https://shop.oceanwineandspirits.com/product/210000001100,2.1E+11,
AVIGNONESI CANTALORO ROSSO 2019 TOSCANA 750ML,2019,14.99,750ml,https://shop.oceanwineandspirits.com/product/210000001102,2.1E+11,
AVIGNONESI CANTALORO 750ML- BIANCO 18 TOSCANA,nv,12.97,750ml,https://shop.oceanwineandspirits.com/product/210000001103,2.1E+11,
AVIGNONESI DESIDERIO 750ML ITALY-TUSCANY,nv,49.99,750ml,https://shop.oceanwineandspirits.com/product/748789700086,7.4879E+11,
AVIGNONESI GRANDI ANNATE 750ml- ITALY- RED,nv,119.99,750ml,https://shop.oceanwineandspirits.com/product/210000001105,2.1E+11,
AVIGNONESI GRIFI TOSCANA 750ML ITALY-TUSCANY,nv,32.99,750ml,https://shop.oceanwineandspirits.com/product/210000001106,2.1E+11,
AVIGNONESI VINO NOBILE 750ML ITALY-TUSCANY,nv,19.99,750ml,https://shop.oceanwineandspirits.com/product/210000001107,2.1E+11,
B & G  ROSE DANJOU 750ML FRANCE,nv,11.99,750ml,https://shop.oceanwineandspirits.com/product/087000103702,87000103702,
BABE ROSE 250 ML,nv,14.99,750ml,https://shop.oceanwineandspirits.com/product/210000001116,2.1E+11,
BANFI BRUNELLO 2018 DI MONTALCINO 750ML ITALY-TUSCANY,2018,69.99,750ml,https://shop.oceanwineandspirits.com/product/080516044248,80516044248,
BANFI CHIANTI CLASSICO 2021 750ML,2021,13.99,750ml,https://shop.oceanwineandspirits.com/product/80516160856,80516160856,
BANFI CHIANTI 2019 RESERVA 750ML,2019,19.99,750ml,https://shop.oceanwineandspirits.com/product/210000001212,2.1E+11,
BANFI CHIANTI SUPERIORE 750ML,nv,12.99,750ml,https://shop.oceanwineandspirits.com/product/80516406947,80516406947,
BANFI SAN ANGELO PINOT GRIGIO 750ML,nv,18.99,750ml,https://shop.oceanwineandspirits.com/product/80516049045,80516049045,
BANSHEE PINOT NOIR 750ML,nv,21.99,750ml,https://shop.oceanwineandspirits.com/product/210000001219,2.1E+11,
BAREFOOT BRUT CUVEE 750ML,nv,9.99,750ml,https://shop.oceanwineandspirits.com/product/210000001221,2.1E+11,
BAREFOOT BUBBLY PINK MOSCATO 750ML,nv,9.99,750ml,https://shop.oceanwineandspirits.com/product/210000001222,2.1E+11,
BAREFOOT CABERNET SAUVIGNON 1.5L,nv,11.99,1.5L,https://shop.oceanwineandspirits.com/product/18341151015,18341151015,
BAREFOOT CABERNET SAUVIGNON 3L,nv,19.99,3L,https://shop.oceanwineandspirits.com/product/210000001224,2.1E+11,
BAREFOOT CHARDONNAY 1.5L,nv,11.99,1.5L,https://shop.oceanwineandspirits.com/product/210000001225,2.1E+11,
BAREFOOT CHARDONNAY 4PK,nv,8.99,750ml,https://shop.oceanwineandspirits.com/product/210000001226,2.1E+11,
BAREFOOT CHARDONNAY 3L,nv,19.99,3L,https://shop.oceanwineandspirits.com/product/210000001227,2.1E+11,
BAREFOOT CHARDONNAY 500ML,nv,4.99,500ml,https://shop.oceanwineandspirits.com/product/210000001228,2.1E+11,
BAREFOOT CHARDONNAY 750ML,nv,9.99,750ml,https://shop.oceanwineandspirits.com/product/210000001229,2.1E+11,
BAREFOOT CRISP WHITE CAN 250ML,nv,2.99,750ml,https://shop.oceanwineandspirits.com/product/210000001230,2.1E+11,
BAREFOOT MERLOT 1.5L,nv,11.99,1.5L,https://shop.oceanwineandspirits.com/product/210000001231,2.1E+11,
BAREFOOT PINOT GRIGIO 4 PACK 187ML,nv,8.99,187ml,https://shop.oceanwineandspirits.com/product/210000001232,2.1E+11,
BAREFOOT MERLOT CA(] 750ML,nv,9.99,750ml,https://shop.oceanwineandspirits.com/product/210000001233,2.1E+11,
BAREFOOT MOSCATO TETRA 4PACK,nv,8.99,750ml,https://shop.oceanwineandspirits.com/product/085000441268,85000441268,
BAREFOOT MOSCATO 3L,nv,19.99,3L,https://shop.oceanwineandspirits.com/product/210000001236,2.1E+11,
BAREFOOT MOSCATO CA 750ML,nv,9.99,750ml,https://shop.oceanwineandspirits.com/product/210000001237,2.1E+11,
BAREFOOT MOSCATO 250ML,nv,9.99,750ml,https://shop.oceanwineandspirits.com/product/210000001238,2.1E+11,
BAREFOOT MOSCATO SPRITZER CAN 250ML,nv,2.99,750ml,https://shop.oceanwineandspirits.com/product/210000001239,2.1E+11,
BAREFOOT MOSCATO TETRA 500ML,nv,4.99,500ml,https://shop.oceanwineandspirits.com/product/210000001240,2.1E+11,
BAREFOOT PINK MOSCATO 1.5 ML,nv,10.98,750ml,https://shop.oceanwineandspirits.com/product/210000001241,2.1E+11,
BAREFOOT PINOT GRIGIO 1.5L,nv,11.99,1.5L,https://shop.oceanwineandspirits.com/product/85000014431,85000014431,
BAREFOOT PINOT GRIGIO 3L,nv,19.99,3L,https://shop.oceanwineandspirits.com/product/210000001244,2.1E+11,
BAREFOOT PINOT GRIGIO TETRA 500ML,nv,4.99,500ml,https://shop.oceanwineandspirits.com/product/210000001245,2.1E+11,
BAREFOOT PINOT NOIR 1.5L,nv,11.99,1.5L,https://shop.oceanwineandspirits.com/product/210000001246,2.1E+11,
BAREFOOT PINOT NOIR I 1.5L,nv,19.99,1.5L,https://shop.oceanwineandspirits.com/product/210000001247,2.1E+11,
BAREFOOT ROSE 250ML,nv,9.99,750ml,https://shop.oceanwineandspirits.com/product/210000001250,2.1E+11,
BAREFOOT ROSE 3L 3L,nv,19.99,3L,https://shop.oceanwineandspirits.com/product/210000001251,2.1E+11,
BAREFOOT ROSE TETRA 500ML 500ML,nv,4.99,500ml,https://shop.oceanwineandspirits.com/product/210000001253,2.1E+11,
BAREFOOT WHITE ZINFANDEL 1.5L,nv,11.99,1.5L,https://shop.oceanwineandspirits.com/product/018341151060,18341151060,
BAREFOOT WHITE ZINFANDEL 187ML 4PK,nv,8.99,187ml,https://shop.oceanwineandspirits.com/product/210000001260,2.1E+11,
BARONE FINI PINOT GRIGIO VALDADIGE 750ML,nv,12.99,750ml,https://shop.oceanwineandspirits.com/product/031259021911,31259021911,
BARNARD GRIFFIN CAB SAUVIGNON 750ML,nv,19.99,750ml,https://shop.oceanwineandspirits.com/product/210000001262,2.1E+11,
BARON HERZOG BRUT 750ML,nv,9.99,750ml,https://shop.oceanwineandspirits.com/product/210000001264,2.1E+11,
BARON HERZOG CAB SAUVIGNON 750ML KOSHER CALIFORNIA,nv,14.99,750ml,https://shop.oceanwineandspirits.com/product/087752002575,87752002575,
BARON HERZOG CHARDONNAY 750ML KOSHER CALIFORNIA,nv,12.99,750ml,https://shop.oceanwineandspirits.com/product/210000001266,2.1E+11,
BARON HERZOG CHENIN BLANC 750ML KOSHER CALIFORNIA,nv,7.99,750ml,https://shop.oceanwineandspirits.com/product/210000001267,2.1E+11,
BARON HERZOG MERLOT 750ML KOSHER CALIFORNIA,nv,9.99,750ml,https://shop.oceanwineandspirits.com/product/210000001268,2.1E+11,
BARON HERZOG PINOT GRIGIO 750ML KOSHER CALIFORNIA,nv,7.99,750ml,https://shop.oceanwineandspirits.com/product/210000001269,2.1E+11,
BARON HERZOG RED ZINFANDEL 750ML KOSHER CALIFORNIA,nv,7.99,750ml,https://shop.oceanwineandspirits.com/product/210000001270,2.1E+11,
BARON HERZOG SAUVIGNON BLANC 750ML KOSHER CALIFORNIA,nv,7.99,750ml,https://shop.oceanwineandspirits.com/product/210000001271,2.1E+11,
BARON HERZOG WHITE ZINFANDEL 750ML KOSHER CALIFORNIA,nv,9.99,750ml,https://shop.oceanwineandspirits.com/product/210000001272,2.1E+11,
BARONE FINI PINOT GRIGIO ALTO ADIGE 750ML,nv,17.99,750ml,https://shop.oceanwineandspirits.com/product/210000001273,2.1E+11,
BARRYMORE PINOT GRIGIO 750ML,nv,17.99,750ml,https://shop.oceanwineandspirits.com/product/210000001279,2.1E+11,
BARTENURA MOSCATO 750ML,nv,13.99,750ml,https://shop.oceanwineandspirits.com/product/87752005644,87752005644,
BARTENURA PROSECCO 750ML,nv,15.99,750ml,https://shop.oceanwineandspirits.com/product/210000001281,2.1E+11,
BARTON & GUESTIER MEDOC 750ML FRANCE CAB,nv,15.99,750ml,https://shop.oceanwineandspirits.com/product/210000001285,2.1E+11,
B&G VOUVRAY LES PETIT PARCELLES 750ML,nv,11.99,750ml,https://shop.oceanwineandspirits.com/product/87000102705,87000102705,
BEAR FLAG CABERNET SAUVIGNON 750ML,nv,22.99,750ml,https://shop.oceanwineandspirits.com/product/210000001302,2.1E+11,
BEAR FLAG RED EUREKA #17 750ML,nv,0,750ml,https://shop.oceanwineandspirits.com/product/210000001303,2.1E+11,
BEAR FLAG ZINFANDEL 750ML,nv,22.99,750ml,https://shop.oceanwineandspirits.com/product/210000001304,2.1E+11,
BELLA UNION CABERNET SAUVIGNON 750ML,nv,63.99,750ml,https://shop.oceanwineandspirits.com/product/210000001317,2.1E+11,
BELLAFINA PINK MOSCATO 750ML,nv,12.99,750ml,https://shop.oceanwineandspirits.com/product/210000001318,2.1E+11,
BELLE GLOS CLARK &TELEPHONE PINOT NOIR 750ML,nv,46.99,750ml,https://shop.oceanwineandspirits.com/product/210000001319,2.1E+11,
BELLE GLOS DAIRYMAN PINOT NOIR 750ML,nv,46.99,750ml,https://shop.oceanwineandspirits.com/product/210000001320,2.1E+11,
BELLE GLOS LAS ALTURAS P.NOIR 750ML,nv,46.99,750ml,https://shop.oceanwineandspirits.com/product/210000001321,2.1E+11,
BELLE GLOS PINOT BLANC 750ML,nv,19.99,750ml,https://shop.oceanwineandspirits.com/product/210000001322,2.1E+11,
BELLISSIMA PROSECCO BRUT 750ML,nv,19.99,750ml,https://shop.oceanwineandspirits.com/product/210000001327,2.1E+11,
BELLISSIMA PROSECCO ROSE 750ML,nv,7.99,750ml,https://shop.oceanwineandspirits.com/product/210000001328,2.1E+11,
BENVOLIO FRIULI PINOT GRIGIO 750ML ITALY,nv,10.99,750ml,https://shop.oceanwineandspirits.com/product/210000001352,2.1E+11,
BENZIGER CABERNET SAUVIGNON 750ML,nv,17.97,750ml,https://shop.oceanwineandspirits.com/product/210000001353,2.1E+11,
BENZIGER CHARDONNAY 750ML,nv,12.99,750ml,https://shop.oceanwineandspirits.com/product/210000001354,2.1E+11,
BERAN SONOMA ZINFANDEL 750ML,nv,24.99,750ml,https://shop.oceanwineandspirits.com/product/210000001356,2.1E+11,
BERAN ZINFANDEL 750ML CALIFORNIA,nv,18.99,750ml,https://shop.oceanwineandspirits.com/product/210000001357,2.1E+11,
BERARDO CHIANTI CLASSICO 750ML ITALY-CHIANTI TOSCANA,nv,29.99,750ml,https://shop.oceanwineandspirits.com/product/210000001358,2.1E+11,
BERINGER CABERNET BOURBON BRL 750ML,nv,16.99,750ml,https://shop.oceanwineandspirits.com/product/210000001359,2.1E+11,
BERINGER BROS BOUBON BARREL CHARDONNAY 750ML,nv,16.99,750ml,https://shop.oceanwineandspirits.com/product/210000001360,2.1E+11,
BERINGER KNIGHTS VLY CABERNET SAUVIGNON 750ML,nv,29.98,750ml,https://shop.oceanwineandspirits.com/product/210000001361,2.1E+11,
BERINGER LUMINUS CHARDONNAY 750ML,nv,22.99,750ml,https://shop.oceanwineandspirits.com/product/210000001362,2.1E+11,
BERINGER PINK MOSCATO 750ML,nv,9.99,750ml,https://shop.oceanwineandspirits.com/product/210000001363,2.1E+11,
BERINGER RED BLEND 750ML BOURBON BARREL,nv,12.99,750ml,https://shop.oceanwineandspirits.com/product/210000001364,2.1E+11,
BERINGER PRIVATE RESERVE CHARDONNAY 750ML,nv,44.99,750ml,https://shop.oceanwineandspirits.com/product/210000001365,2.1E+11,
BERINGER WHISPER SISTER CABERNET SAUVIGNON 750ML,nv,19.99,750ml,https://shop.oceanwineandspirits.com/product/210000001367,2.1E+11,
BERINGER WHITE ZINFANDEL 1.5L,nv,10.99,1.5L,https://shop.oceanwineandspirits.com/product/210000001368,2.1E+11,
BERINGER WHITE ZINFANDEL 750ML,nv,7.99,750ml,https://shop.oceanwineandspirits.com/product/210000001369,2.1E+11,
BERNE INSPIRATION ROSE 750ML,nv,14.98,750ml,https://shop.oceanwineandspirits.com/product/210000001370,2.1E+11,
BERSANO CAVALIER DARIO BAROLO 750ML ITALY,nv,58.99,750ml,https://shop.oceanwineandspirits.com/product/210000001371,2.1E+11,
BERTRAND CHT L''HOSPITALET 750ML 2018 SUD DE FRANCE,2018,38.99,750ml,https://shop.oceanwineandspirits.com/product/210000001372,2.1E+11,
BERTRAND CHT VILLEMAJOU 750ML 2018 GRAND VIN FRANCE,2018,37.99,750ml,https://shop.oceanwineandspirits.com/product/210000001373,2.1E+11,
BERTRAND CIGALUS 750ML 2019 SUD DE FRANCE,2019,44.99,750ml,https://shop.oceanwineandspirits.com/product/210000001374,2.1E+11,
BETHEL HEIGHTS AEOLIAN 750ML 2017 EOLA-AMITY HILLS,2017,0,750ml,https://shop.oceanwineandspirits.com/product/210000001375,2.1E+11,
BETHEL HEIGHTS CAST PINOT NOIR 750ML,nv,74.99,750ml,https://shop.oceanwineandspirits.com/product/210000001376,2.1E+11,
BETHEL HEIGHTS PINOT NOIR 750ML,nv,27.99,750ml,https://shop.oceanwineandspirits.com/product/210000001377,2.1E+11,
BEV PINOT GRIGIO 4PK 250ML CAN,nv,15.99,750ml,https://shop.oceanwineandspirits.com/product/210000001378,2.1E+11,
B&G CHATEAUNEUF DU PAPE 750ML,nv,45.99,750ml,https://shop.oceanwineandspirits.com/product/087000102804,87000102804,
BILA HAUT OCCUULTUM 750ML FRANCE-ROUSILLON,nv,29.99,750ml,https://shop.oceanwineandspirits.com/product/210000001384,2.1E+11,
BILLECART ROSE 375ML,nv,56.99,375ml,https://shop.oceanwineandspirits.com/product/0107,107,
BILLECART SALMON BRUT RESERVE 750ML,nv,68.99,750ml,https://shop.oceanwineandspirits.com/product/311394117616,3.11394E+11,
BILLECART SALMON BRUT ROSE CHAMPAGNE 750ML,nv,99.99,750ml,https://shop.oceanwineandspirits.com/product/210000001388,2.1E+11,
BINYAMINA RSERVE CAB SAUVIGNON 750ML,nv,21.99,750ml,https://shop.oceanwineandspirits.com/product/210000001389,2.1E+11,
BLACKSTONE MERLOT 750ML,nv,0,750ml,https://shop.oceanwineandspirits.com/product/210000001420,2.1E+11,
BLINDFOLD WHITE 750ML,nv,34.99,750ml,https://shop.oceanwineandspirits.com/product/210000001424,2.1E+11,
BODEGA COLOME AUTENTICO 750ML MALBEC,nv,21.99,750ml,https://shop.oceanwineandspirits.com/product/210000001458,2.1E+11,
BODEGAS DEFIN DEL MUNDO MALBEC 750ML,nv,14.99,750ml,https://shop.oceanwineandspirits.com/product/210000001459,2.1E+11,
BODVAR No7 ROSE 750ML,nv,19.99,750ml,https://shop.oceanwineandspirits.com/product/210000001461,2.1E+11,
BOEN CHARDONNAY 750ML,nv,17.99,750ml,https://shop.oceanwineandspirits.com/product/210000001462,2.1E+11,
BOEN PINOT NOIR RUSSIAN RIVER 750ML,nv,21.98,750ml,https://shop.oceanwineandspirits.com/product/210000001463,2.1E+11,
BOEN TRI COUNTY PINOT NOIR 750ML,nv,17.99,750ml,https://shop.oceanwineandspirits.com/product/210000001464,2.1E+11,
BOGLE PHANTOM RED BLEND 750ML,nv,17.99,750ml,https://shop.oceanwineandspirits.com/product/210000001465,2.1E+11,
BOJADOR- TINTO 750ML PORTUGAL 2018,2018,12.99,750ml,https://shop.oceanwineandspirits.com/product/210000001466,2.1E+11,
BOJADOR  VINHO BRANCO 750ML PORTUGAL,nv,12.99,750ml,https://shop.oceanwineandspirits.com/product/210000001467,2.1E+11,
BOLLA AMARONE DELLA VLPOLICELA 750ML ITALY 2016,2016,47.99,750ml,https://shop.oceanwineandspirits.com/product/210000001468,2.1E+11,
BOLLINGER SPECIAL CUVEE  CHAMPAGNE 750ML,nv,71.99,750ml,https://shop.oceanwineandspirits.com/product/210000001469,2.1E+11,
BOLLINI PINOT GRIGIO 750ML,nv,16.99,750ml,https://shop.oceanwineandspirits.com/product/210000001470,2.1E+11,
BON ANNO PINOT NOIR 750ML,nv,18.99,750ml,https://shop.oceanwineandspirits.com/product/210000001485,2.1E+11,
BONANZA CABERNET SAUVIGNON  750ML,nv,17.99,750ml,https://shop.oceanwineandspirits.com/product/210000001486,2.1E+11,
BONESHAKER ZINFANDEL 750ML,nv,17.99,750ml,https://shop.oceanwineandspirits.com/product/210000001487,2.1E+11,
BONTERRA CHARDONNAY CALIFORNIA 750ML,nv,13.99,750ml,https://shop.oceanwineandspirits.com/product/82896780419,82896780419,
BONTERRA ORGANIC CABERNET SAUV 750ML,nv,19.99,750ml,https://shop.oceanwineandspirits.com/product/210000001490,2.1E+11,
BONTERRA ORGANIC RED BLEND 750ML,nv,13.99,750ml,https://shop.oceanwineandspirits.com/product/210000001491,2.1E+11,
BOOKWALTER CHARDONNAY 750ML,nv,7.99,750ml,https://shop.oceanwineandspirits.com/product/210000001494,2.1E+11,
BOOTLEG RED BLEND 750ML,nv,34.99,750ml,https://shop.oceanwineandspirits.com/product/210000001495,2.1E+11,
BORSAO GARNACHA 2021 750ML- BORJA- RED,2021,10.99,750ml,https://shop.oceanwineandspirits.com/product/210000001496,2.1E+11,
BORSAO TRES  2019 PICOS GARNACHA 750ML SPAIN-BORJA,2019,18.99,750ml,https://shop.oceanwineandspirits.com/product/210000001497,2.1E+11,
BOUCHARD PINOT NOIR 750ML,nv,21.99,750ml,https://shop.oceanwineandspirits.com/product/210000001519,2.1E+11,
BOUSQUET AMERI 750ML,nv,0,750ml,https://shop.oceanwineandspirits.com/product/210000001523,2.1E+11,
BR COHN CABERNET SAUVIGNON 750ML,nv,18.99,750ml,https://shop.oceanwineandspirits.com/product/210000001526,2.1E+11,
B.R. COHN MERLOT 750ML,nv,17.99,750ml,https://shop.oceanwineandspirits.com/product/210000001527,2.1E+11,
BRAN CAIA IL BLU ROSSO 2010 750ML ITALY,2010,84.99,750ml,https://shop.oceanwineandspirits.com/product/210000001528,2.1E+11,
BRANCAIA TRE 750ML ITALY-TUSCANY,nv,19.99,750ml,https://shop.oceanwineandspirits.com/product/085000020562,85000020562,
BRANCOTT PINOT GRIGIO MARLBOROUGH  750ML,nv,14.99,750ml,https://shop.oceanwineandspirits.com/product/210000001530,2.1E+11,
BRECA GARNACHA 750ML SPAIN,nv,0,750ml,https://shop.oceanwineandspirits.com/product/210000001532,2.1E+11,
BUFFALO TRACE KOSHER RYE 750ML,nv,179.99,750ml,https://shop.oceanwineandspirits.com/product/088004039592,88004039592,
BUFFALO TRACE STR RYE KOSHER 750ML,nv,179.99,750ml,https://shop.oceanwineandspirits.com/product/088004039608,88004039608,
BUJANDA TEMPRANILLO 750ML 2020,2020,11.99,750ml,https://shop.oceanwineandspirits.com/product/098709260047,98709260047,
BUSSOLA VALPOLICELLA 750ML ITALY,nv,21.99,750ml,https://shop.oceanwineandspirits.com/product/8110620002932,8.11062E+12,
JAM BUTTER CHARDNNAY 750ML,nv,18.99,750ml,https://shop.oceanwineandspirits.com/product/853706002034,8.53706E+11,
BUTTERNUT CHARDONNAY 750ML,nv,14.99,750ml,https://shop.oceanwineandspirits.com/product/851919004005,8.51919E+11,
CA' DEL BOSCO CUVEE PRESTIGE FRANCIACORTA 750ML,nv,38.99,750ml,https://shop.oceanwineandspirits.com/product/896383000993,8.96383E+11,
CA MOMI PINOT NOIR 750ML,nv,22.99,750ml,https://shop.oceanwineandspirits.com/product/SKU000038,SKU000038,
CADE HOWELL CABERNET SAUVIGNON 750ML,nv,129.99,750ml,https://shop.oceanwineandspirits.com/product/000000130349,130349,
CAKEBREAD CABERNET SAUVIGNON NAPA 750ML,nv,81.99,750ml,https://shop.oceanwineandspirits.com/product/084692479146,84692479146,
CAKEBREAD MERLOT 750ML,nv,75.99,750ml,https://shop.oceanwineandspirits.com/product/084692449347,84692449347,
CAKEBREAD NAPA CHARDONNAY 750ML,nv,43.99,750ml,https://shop.oceanwineandspirits.com/product/84692478941,84692478941,
CAKEBREAD PINOT NOIR TWO CREEKS 750ML,nv,49.99,750ml,https://shop.oceanwineandspirits.com/product/084692416844,84692416844,
CALCARIUS ORANGE PUGLIA 750ML ITALY,nv,34.99,750ml,https://shop.oceanwineandspirits.com/product/727760516618,7.27761E+11,
CALERA VIN GRIS OF PINOT NOIR 750ML,nv,19.99,750ml,https://shop.oceanwineandspirits.com/product/745067046645,7.45067E+11,
CAMBRIA SANTA MARIA CHARDONNAY 750ML,nv,17.99,750ml,https://shop.oceanwineandspirits.com/product/2296,2296,
CAMINO ALTO TEMPRANILLO ROBLE 750ML,nv,17.99,750ml,https://shop.oceanwineandspirits.com/product/8437010258022,8.43701E+12,
CA'MONTINI PINOT GRIGIO 750ML,nv,14.99,750ml,https://shop.oceanwineandspirits.com/product/21893786307,21893786307,
CAMPO RIOJA RESERVA 750ML SPAIN,nv,14.99,750ml,https://shop.oceanwineandspirits.com/product/852832104810,8.52832E+11,
CAMPO VIEJO RIOJA TEMPRANILLO 750ML,nv,12.99,750ml,https://shop.oceanwineandspirits.com/product/852832106258,8.52832E+11,
CAMPO VIEJO CAVA BRUT 750ML,nv,13.99,750ml,https://shop.oceanwineandspirits.com/product/852832105855,8.52832E+11,
CAMPO VIEJO GARNACHA 750ML SPAIN,nv,11.98,750ml,https://shop.oceanwineandspirits.com/product/852832106524,8.52832E+11,
CAMPO VIEJO RIOJA 750ML SPAIN,nv,13.99,750ml,https://shop.oceanwineandspirits.com/product/852832105381,8.52832E+11,
CAN BLAU 750ML SPAIN-MONTSANT,nv,17.99,750ml,https://shop.oceanwineandspirits.com/product/819451000053,8.19451E+11,
CANARD DUCHENE BRUT 750ML,nv,39.98,750ml,https://shop.oceanwineandspirits.com/product/664941002594,6.64941E+11,
CANDONI MOSCATO 750ML DI PAVA,nv,14.99,750ml,https://shop.oceanwineandspirits.com/product/813645002694,8.13645E+11,
CANELLA MIMOSA BLD ORGE & GRPT 750ML,nv,14.99,750ml,https://shop.oceanwineandspirits.com/product/726452016993,7.26452E+11,
CANTINA ZACCAGNINI 2020 MONTEPULCIA 750ML ITALY-ABRUZZO,2020,16.99,750ml,https://shop.oceanwineandspirits.com/product/089475501014,89475501014,
CAPARZO ROSSO 2020 DI MONTALCINO 750ML,2020,19.99,750ml,https://shop.oceanwineandspirits.com/product/089419002065,89419002065,
CAPOSALADO MOSCATO 750ML,nv,15.99,750ml,https://shop.oceanwineandspirits.com/product/084692471744,84692471744,
CAPRICCIO BUBBLY SANGRIA 750ML,nv,8.99,750ml,https://shop.oceanwineandspirits.com/product/89016017264,89016017264,
CAPRICCIO PASSION FRUIT 750ML,nv,9.99,750ml,https://shop.oceanwineandspirits.com/product/089016019701,89016019701,
CAPRICCIO PASSION FRUIT 4PK,nv,14.99,750ml,https://shop.oceanwineandspirits.com/product/089016019732,89016019732,
CAPRICCIO ROSE 750ML,nv,9.99,750ml,https://shop.oceanwineandspirits.com/product/089016017929,89016017929,
CAPRICCIO SANGRIA 4PK,nv,14.99,750ml,https://shop.oceanwineandspirits.com/product/089016016762,89016016762,
CAPRICCIO SANGRIA WATERMELON 375ML,nv,3.99,375ml,https://shop.oceanwineandspirits.com/product/089016019442,89016019442,
CAPRICCIO WATERMELON 750ML,nv,9.99,750ml,https://shop.oceanwineandspirits.com/product/089016019107,89016019107,
CAPRICCIO  WHITE SANGRIA 750ML,nv,8.99,750ml,https://shop.oceanwineandspirits.com/product/089016017943,89016017943,
CAPRICCIO WHT SANGRIA 4PK,nv,14.99,750ml,https://shop.oceanwineandspirits.com/product/089016018162,89016018162,
CAPTILI BRUNELLO DI MONTALCINO 750ML ITALY,nv,46.99,750ml,https://shop.oceanwineandspirits.com/product/836420000012,8.3642E+11,
CARMEL ROAD CHARDONNAY 750ML,nv,15.99,750ml,https://shop.oceanwineandspirits.com/product/748284002548,7.48284E+11,
MOLLYDOOKER CARNIVAL OF LOVE  McLAREN VALE 750ML,nv,88.99,750ml,https://shop.oceanwineandspirits.com/product/9336975000013,9.33698E+12,
CARNIVOR CABERNET SAUVIGNON 750ML,nv,11.99,750ml,https://shop.oceanwineandspirits.com/product/085000020425,85000020425,
CARPINETO CHIANTI 750ML TUSCANY(] ITALY,nv,21.99,750ml,https://shop.oceanwineandspirits.com/product/080175565757,80175565757,
CARTE BLANCHE CHARD SONOMA 750ML,nv,59.99,750ml,https://shop.oceanwineandspirits.com/product/CARBLCHAR,CARBLCHAR,
CASAL GARCIA VINHO VERDE 750ML,nv,9.99,750ml,https://shop.oceanwineandspirits.com/product/764793208301,7.64793E+11,
Casal Garcia Vinho Verde Rosé 750ML,nv,9.99,750ml,https://shop.oceanwineandspirits.com/product/764793328306,7.64793E+11,
CASANOVA BRUNELLO 750ML ITALY-TUSCANY,nv,99.99,750ml,https://shop.oceanwineandspirits.com/product/748789900035,7.4879E+11,
CASANOVA DINERI 750 ML,nv,79.99,750ml,https://shop.oceanwineandspirits.com/product/748789900066,7.4879E+11,
CASILLERO DEL DIABLO MALBEC 750ML,nv,12.99,750ml,https://shop.oceanwineandspirits.com/product/082734153504,82734153504,
CASILLERO DIABLO RED BLEND 750ML,nv,13.99,750ml,https://shop.oceanwineandspirits.com/product/082734540427,82734540427,
CASTELLO DEL POGGIO MOSCATO 750ML,nv,9.99,750ml,https://shop.oceanwineandspirits.com/product/876153000286,8.76153E+11,
CASTELLO DEL POGGIO SWEET RED 750ML ITALY SWEET RED,nv,11.99,750ml,https://shop.oceanwineandspirits.com/product/876153004109,8.76153E+11,
CATENA MALBEC 750ML,nv,19.98,750ml,https://shop.oceanwineandspirits.com/product/098709088580,98709088580,
CAVIT CABERNET SAUVIGNON 750ML,nv,14.99,750ml,https://shop.oceanwineandspirits.com/product/086785211251,86785211251,
CAVIT CHARDONNAY 1.5L,nv,14.99,1.5L,https://shop.oceanwineandspirits.com/product/086785211190,86785211190,
CAVIT PINOT GRIGIO 1.5L,nv,15.99,1.5L,https://shop.oceanwineandspirits.com/product/086785000039,86785000039,
CAVIT PINOT NOIR 1.5L,nv,15.99,1.5L,https://shop.oceanwineandspirits.com/product/086785211503,86785211503,
CAYMUS VINEYARDS  NAPA 750ML,nv,69.98,750ml,https://shop.oceanwineandspirits.com/product/210000001792,2.1E+11,
CAYMUS CABERNET SAUVIGNON 1L,nv,96.99,1L,https://shop.oceanwineandspirits.com/product/017224412106,17224412106,
CAYMUS CABERNET SAUVIGNON 1.5L NAPA CALIFORNIA,nv,199.99,1.5L,https://shop.oceanwineandspirits.com/product/017224110101,17224110101,
CAYMUS SUISUN GRAND DURIF 750ML,nv,53.99,750ml,https://shop.oceanwineandspirits.com/product/017224710004,17224710004,
CESARI AMARONE DELLA VALPOLICELLA 750ML,nv,49.99,750ml,https://shop.oceanwineandspirits.com/product/080175664757,80175664757,
CH MALESCOT ST EXUPERY 750ML 2011 MARGAUX,2011,69.99,750ml,https://shop.oceanwineandspirits.com/product/3435160011752,3.43516E+12,
CH. SEGUR DE CABANAC 750ML ST ESTEPHE FRANCE,nv,39.99,750ml,https://shop.oceanwineandspirits.com/product/CABANAC,CABANAC,
CH TRIJET BORDEAUX 750ML KOSHER FRANCE,nv,17.99,750ml,https://shop.oceanwineandspirits.com/product/087752021378,87752021378,
CHALK HILL SONOMA COAST CHARDONNAY 750ML,nv,17.99,750ml,https://shop.oceanwineandspirits.com/product/016236000028,16236000028,
CHANDON BRUT 750ML,nv,21.99,750ml,https://shop.oceanwineandspirits.com/product/085155000013,85155000013,
CHANDON GARDEN SPRITZ 750ML,nv,20.98,750ml,https://shop.oceanwineandspirits.com/product/085155273837,85155273837,
CHANDON GARDEN SPRITZ 187ML,nv,9.99,187ml,https://shop.oceanwineandspirits.com/product/085155273899,85155273899,
CHANDON ROSE 187ML,nv,7.99,187ml,https://shop.oceanwineandspirits.com/product/085155001409,85155001409,
CHAPITRE- 750ML 2018 COTES DU RHONE,2018,14.99,750ml,https://shop.oceanwineandspirits.com/product/3524364411199,3.52436E+12,
CHAPPELLET CABERNET SAUVIGNON NAPA CALIFORNIA 750ML,nv,89.99,750ml,https://shop.oceanwineandspirits.com/product/081587119897,81587119897,
CHAPPELLET CHARDONNAY 750ML,nv,24.99,750ml,https://shop.oceanwineandspirits.com/product/081587219900,81587219900,
CHAPPELLET GROWER COLLECTION CALESA VINEYARD 750ML,nv,59.99,750ml,https://shop.oceanwineandspirits.com/product/704907957312,7.04908E+11,
CHAPPELLET MOUNTAIN CUVEE 750ML,nv,34.99,750ml,https://shop.oceanwineandspirits.com/product/081587119958,81587119958,
CHAT. LA GRANGE CLINET 750ML,nv,17.99,750ml,https://shop.oceanwineandspirits.com/product/083729003583,83729003583,
CHAT. LA TUILERIE DU PUY 750ML,nv,13.99,750ml,https://shop.oceanwineandspirits.com/product/088603011753,88603011753,
CHAT LAFITTE COTES DE BORDEAUX 750ML,nv,26.99,750ml,https://shop.oceanwineandspirits.com/product/088603009040,88603009040,
CHATEAU ANDRIET BORDEAUX SUPERIEUR '19,nv,15.99,750ml,https://shop.oceanwineandspirits.com/product/3700380568240,3.70038E+12,
CHATEAU ANDRIET I 750ML-2016 BORDEAUX RED,2016,16.99,750ml,https://shop.oceanwineandspirits.com/product/3700380569131,3.70038E+12,
CHATEAU AQUERIA TAVEL ROSE 750ML,nv,19.99,750ml,https://shop.oceanwineandspirits.com/product/084692405442,84692405442,
CHATEAU BEAU-SITE 750ML ST ESTEPHE(] FRANCE,nv,49.99,750ml,https://shop.oceanwineandspirits.com/product/3249990040833,3.24999E+12,
CHATEAU BEAU-SITE I 750ML FRENCH 2016,2016,55.99,750ml,https://shop.oceanwineandspirits.com/product/3249990035754,3.24999E+12,
CHATEAU CAZEAU BORDEAUX 750ML FRANCE,nv,21.99,750ml,https://shop.oceanwineandspirits.com/product/3182520225679,3.18252E+12,
CHATEAU DE ROLLAND SAUTERNES 375ML FRANCE,nv,59.99,375ml,https://shop.oceanwineandspirits.com/product/607921021536,6.07921E+11,
CHATEAU DE SAINT COSME 750ML FRANCE-GIGONDAS,nv,54.99,750ml,https://shop.oceanwineandspirits.com/product/3483811000099,3.48381E+12,
CHATEAU LA POINTE POMEROL 750ML FRANCE,nv,85.99,750ml,https://shop.oceanwineandspirits.com/product/LAPOINTE,LAPOINTE,
CHATEAU LE PRIEURE POMEROL 750ML,nv,54.99,750ml,https://shop.oceanwineandspirits.com/product/PRIEURE,PRIEURE,
B&G CH MAGNOL HAUT MEDOC  750ML,nv,28.99,750ml,https://shop.oceanwineandspirits.com/product/210000001880,2.1E+11,
CHATEAU MONTELENA CABERNET SAUVIGNON 750ML,nv,79.99,750ml,https://shop.oceanwineandspirits.com/product/733555251329,7.33555E+11,
CHATEAU PECH DE JAMMES-MALBEC 750ML FRANCE-CAHORS,nv,28.99,750ml,https://shop.oceanwineandspirits.com/product/648977168523,6.48977E+11,
CHATEAU RAHOUL GRAVES 750ML FRANCE,nv,39.99,750ml,https://shop.oceanwineandspirits.com/product/664941002785,6.64941E+11,
CHATEAU SOUVERAIN CAB SAUV 750ML,nv,12.99,750ml,https://shop.oceanwineandspirits.com/product/088553093496,88553093496,
CHATEAU ST. MICHELLE RED BLEND 750ML,nv,12.99,750ml,https://shop.oceanwineandspirits.com/product/088586010644,88586010644,
CHATEAU STE MICHELLE CABERNET SAUVIGNON 2018 750ML,2018,11.98,750ml,https://shop.oceanwineandspirits.com/product/088586601835,88586601835,
CHATEAU STE MICHELLE CHARDONNAY 750ML,nv,9.98,750ml,https://shop.oceanwineandspirits.com/product/088586603846,88586603846,
CHATEAU VIAUD-LALANDE I 750ML-2016 POMEROL,2016,22.99,750ml,https://shop.oceanwineandspirits.com/product/3700380569513,3.70038E+12,
CHATEAUNEUF DU PAPE 750ML FRANCE,nv,39.99,750ml,https://shop.oceanwineandspirits.com/product/210000001894,2.1E+11,
CHERRY PIE PINOT NOIR SAN LUIS OBISPO SANTA BARBARA  750ML,nv,19.99,750ml,https://shop.oceanwineandspirits.com/product/896599002170,8.96599E+11,
CHERRY PIE SAN PABLO 750ML,nv,44.99,750ml,https://shop.oceanwineandspirits.com/product/896599002118,8.96599E+11,
CHEVAL ANDES 2011 750ML,2011,119.99,750ml,https://shop.oceanwineandspirits.com/product/7790975018492,7.79098E+12,
CHIMNEY ROCK STAGS LEAP CABERNET SAUVIGNON 750ML,nv,99.97,750ml,https://shop.oceanwineandspirits.com/product/086891071503,86891071503,
CHLOE CHARDONNAY 750ML,nv,14.99,750ml,https://shop.oceanwineandspirits.com/product/081308003320,81308003320,
CHLOE RED No 249 750ML,nv,14.99,750ml,https://shop.oceanwineandspirits.com/product/081308003344,81308003344,
CHT. LAFLEUR GAZIN POMEROL 750ML 2017,2017,77.99,750ml,https://shop.oceanwineandspirits.com/product/690711013712,6.90711E+11,
CK MONDAVI PINOT GRIGIO 1.5L,nv,13.99,1.5L,https://shop.oceanwineandspirits.com/product/086012400847,86012400847,
CK MONDAVI PINOT GRIGIO CALIFORNIA 750ML,nv,7.99,750ml,https://shop.oceanwineandspirits.com/product/86012400830,86012400830,
CLIO 750ML SPAIN-JUMILLA,nv,54.99,750ml,https://shop.oceanwineandspirits.com/product/819451006505,8.19451E+11,
CLOS DE LOS SIETE 2019 750ML,2019,19.99,750ml,https://shop.oceanwineandspirits.com/product/876987000018,8.76987E+11,
CLOS DU BOIS CABERNET SAUVIGNON 750ML,nv,22.99,750ml,https://shop.oceanwineandspirits.com/product/087356405420,87356405420,
CLOS DU BOIS CHARDONNAY 750ML,nv,9.99,750ml,https://shop.oceanwineandspirits.com/product/87356510124,87356510124,
CLOS DU BOIS SONOMA RSRV CHARD 750ML,nv,15.99,750ml,https://shop.oceanwineandspirits.com/product/087356510421,87356510421,
CLOS ERASMUS 2014 750ML,2014,225.99,750ml,https://shop.oceanwineandspirits.com/product/2307,2307,
CLOS LA CHANCE 750ML,nv,17.99,750ml,https://shop.oceanwineandspirits.com/product/664228486666,6.64228E+11,
CLOS MOGADOR PRIORAT 750ML SPAIN,nv,129.99,750ml,https://shop.oceanwineandspirits.com/product/097985154491,97985154491,
CLOUDY BAY TEKOKO 750ML,nv,59.99,750ml,https://shop.oceanwineandspirits.com/product/081753809393,81753809393,
COCKBURNS VINTAGE 2003 750ML,2003,99.97,750ml,https://shop.oceanwineandspirits.com/product/SKU000071,SKU000071,
CODAX ERGO RIOJA 750ML,nv,11.99,750ml,https://shop.oceanwineandspirits.com/product/085000015919,85000015919,
COLGIN CARIAD RED BLEND 750ML 2015 CS,2015,649.99,750ml,https://shop.oceanwineandspirits.com/product/15912,15912,
COLGIN IX ESTATE RED 750ML,nv,699.99,750ml,https://shop.oceanwineandspirits.com/product/SKU000098,SKU000098,
COLGIN TYCHON HILL CAB SAUV 750ML,nv,699.99,750ml,https://shop.oceanwineandspirits.com/product/29004,29004,
COLHEITA MADERIA 1996 750ML,1996,59.99,750ml,https://shop.oceanwineandspirits.com/product/611482059617,6.11482E+11,
COMTE LAFOND SANCERRE 2023 750ML,2023,51.99,750ml,https://shop.oceanwineandspirits.com/product/comtelafond,comtelafond,
CONCANNON  LIVERMORE VALLEY 750ML,nv,0,750ml,https://shop.oceanwineandspirits.com/product/081908000347,81908000347,
CONFESSION RED BLEND 750ML,nv,29.99,750ml,https://shop.oceanwineandspirits.com/product/854974007561,8.54974E+11,
CONTINUUM 750ML,nv,224.99,750ml,https://shop.oceanwineandspirits.com/product/7502248210119,7.50225E+12,
CONTINUUM  2012 RED BLEND  375ML,2012,99.99,375ml,https://shop.oceanwineandspirits.com/product/898194002012,8.98194E+11,
CONUNDRUM RED BLEND 750ML,nv,17.99,750ml,https://shop.oceanwineandspirits.com/product/17224760122,17224760122,
CONUNDRUM WHITE 750ML,nv,13.98,750ml,https://shop.oceanwineandspirits.com/product/17224750123,17224750123,
COOKS BRUT 750ML,nv,7.99,750ml,https://shop.oceanwineandspirits.com/product/083804047211,83804047211,
COPA CHARDONNAY 187ML,nv,3.49,187ml,https://shop.oceanwineandspirits.com/product/890128001207,8.90128E+11,
COPA PINOT GRIGIO 187ML,nv,3.49,187ml,https://shop.oceanwineandspirits.com/product/890128001269,8.90128E+11,
COPPOLA DIRECTORS CUT CAB SAUV 750ML,nv,22.97,750ml,https://shop.oceanwineandspirits.com/product/739958057001,7.39958E+11,
MIGUEL TORRES CORDILLERA RESERVA 2020 ESPECIAL CHARDONNAY 750ML,2020,15.99,750ml,https://shop.oceanwineandspirits.com/product/8410113006479,8.41011E+12,
CORNARO PINOT GRIGIO 1.5L,nv,10.99,1.5L,https://shop.oceanwineandspirits.com/product/872281000334,8.72281E+11,
CORVO PINOT GRIGIO 750ML,nv,9.99,750ml,https://shop.oceanwineandspirits.com/product/891006000732,8.91006E+11,
CRAFTER''S UNION PINOT GRIGIO .375ML,nv,3.99,375ml,https://shop.oceanwineandspirits.com/product/086003279001,86003279001,
CRAGGY RANGE KIDNAP CHARDONNAY 750ML,nv,20.99,750ml,https://shop.oceanwineandspirits.com/product/690300550192,6.90301E+11,
CRAGGY RANGE TE MUNA ROAD VINEYARD PINOT NOIR 750ML,nv,38.99,750ml,https://shop.oceanwineandspirits.com/product/210000002117,2.1E+11,
CRIOS MALBEC 2019 750ML,2019,11.99,750ml,https://shop.oceanwineandspirits.com/product/858497005059,8.58497E+11,
CROCINA BRUNELLO DI MONTALCINO 750ML- TUSCANY- RED,nv,49.99,750ml,https://shop.oceanwineandspirits.com/product/736040543589,7.36041E+11,
CROSSBARN CHARDONNAY 750ML,nv,27.99,750ml,https://shop.oceanwineandspirits.com/product/897941000110,8.97941E+11,
CROSSBARN PINOT NOIR 2019 SONOMA 750ML,2019,34.99,750ml,https://shop.oceanwineandspirits.com/product/897941000271,8.97941E+11,
CRUCIBLE INCANTATION 750ML,nv,9.99,750ml,https://shop.oceanwineandspirits.com/product/818051021451,8.18051E+11,
CUPCAKE BUTTER KISSED 750ML,nv,9.99,750ml,https://shop.oceanwineandspirits.com/product/081308004396,81308004396,
CUPCAKE CABERNET SAUVIGNON 750ML,nv,8.99,750ml,https://shop.oceanwineandspirits.com/product/081308591872,81308591872,
CUPCAKE CHARDONNAY 750ML,nv,9.99,750ml,https://shop.oceanwineandspirits.com/product/081308592077,81308592077,
CUPCAKE MERLOT 750ML,nv,10.99,750ml,https://shop.oceanwineandspirits.com/product/081308000282,81308000282,
CUPCAKE PINOT GRIGIO 750ML,nv,9.99,750ml,https://shop.oceanwineandspirits.com/product/081308001067,81308001067,
CUTTINGS CABERNET SAUVIGNON 750ML NAPA VALLEY(] CALIFORNIA,nv,27.99,750ml,https://shop.oceanwineandspirits.com/product/086003256002,86003256002,
CUVAISON PINOT NOIR 750ML,nv,34.99,750ml,https://shop.oceanwineandspirits.com/product/082148099924,82148099924,
CUVELIER LOS ANDES COLECCION 750ML,nv,24.99,750ml,https://shop.oceanwineandspirits.com/product/812593010232,8.12593E+11,
CUVELIER LOS ANDES GRND MALBEC 750ML,nv,57.99,750ml,https://shop.oceanwineandspirits.com/product/812593010249,8.12593E+11,
CVNE SELECCION DE FINCAS 750ML RIBERA DEL DUERO- SPAIN,nv,14.99,750ml,https://shop.oceanwineandspirits.com/product/051497037055,51497037055,
D66 GRENACHE 750ML FRANCE-LANGUEDOC,nv,39.99,750ml,https://shop.oceanwineandspirits.com/product/SKU000013,SKU000013,
DAMILANO BAROLO D.O.C.G. 750ML 2014 ITALY,2014,49.99,750ml,https://shop.oceanwineandspirits.com/product/098709052109,98709052109,
DANZANTE PINOT GRIGIO 750ML ITALY,nv,10.99,750ml,https://shop.oceanwineandspirits.com/product/652626759949,6.52627E+11,
DAOU CABERNET SAUVIGNON 750ML,nv,19.99,750ml,https://shop.oceanwineandspirits.com/product/890409002398,8.90409E+11,
DAOU CHARDONNAY 750ML,nv,17.99,750ml,https://shop.oceanwineandspirits.com/product/890409002619,8.90409E+11,
DAOU PESSIMIST RED BLEND 750ML,nv,21.99,750ml,https://shop.oceanwineandspirits.com/product/890409002794,8.90409E+11,
DAOU RESERVE CABERNET SAUVIGNON '17 PASO ROBLES,nv,54.99,750ml,https://shop.oceanwineandspirits.com/product/890409002527,8.90409E+11,
DARIOUSH CARAVAN CABERNET SAUVIGNON 750ML,nv,54.99,750ml,https://shop.oceanwineandspirits.com/product/899498000155,8.99498E+11,
DARK HORSE CABERNET SAUVIGNON 750ML,nv,9.99,750ml,https://shop.oceanwineandspirits.com/product/85000020302,85000020302,
DARK HORSE CHARDONNAY 750ML,nv,7.99,750ml,https://shop.oceanwineandspirits.com/product/85000020319,85000020319,
DARK HORSE PINOT GRIGIO 750ML,nv,9.99,750ml,https://shop.oceanwineandspirits.com/product/85000025284,85000025284,
DARK HORSE PINOT GRIGIO CAN 375ML,nv,5.99,375ml,https://shop.oceanwineandspirits.com/product/085000027141,85000027141,
DARK HORSE PINOT NOIR 375ML,nv,5.99,375ml,https://shop.oceanwineandspirits.com/product/085000028728,85000028728,
DARK HORSE PINOT NOIR 750ML,nv,0,750ml,https://shop.oceanwineandspirits.com/product/85000023792,85000023792,
DASHE THE COMET 750ML,nv,43.99,750ml,https://shop.oceanwineandspirits.com/product/654884113129,6.54884E+11,
DASHE ZINFANDEL 750ML,nv,0,750ml,https://shop.oceanwineandspirits.com/product/654884103045,6.54884E+11,
DAVID BRUCE PINOT NOIR 750ML,nv,43.99,750ml,https://shop.oceanwineandspirits.com/product/086891086378,86891086378,
DE LA ROSA ONEG PINOT NOIR 750ML,nv,0,750ml,https://shop.oceanwineandspirits.com/product/858796005743,8.58796E+11,
DE LOACH PINOT NOIR 750ML,nv,12.99,750ml,https://shop.oceanwineandspirits.com/product/016697006669,16697006669,
DECOY 2018 PINOT NOIR 375 ML,2018,15.99,375ml,https://shop.oceanwineandspirits.com/product/669576018408,6.69576E+11,
DECOY CABERNET SAUVIGNON 750ML,nv,19.98,750ml,https://shop.oceanwineandspirits.com/product/669576019269,6.69576E+11,
DECOY CHARDONNAY 750ML,nv,16.99,750ml,https://shop.oceanwineandspirits.com/product/669576019245,6.69576E+11,
DECOY MERLOT 750ML,nv,21.99,750ml,https://shop.oceanwineandspirits.com/product/669576019252,6.69576E+11,
DECOY PINOT NOIR 750ML,nv,19.99,750ml,https://shop.oceanwineandspirits.com/product/669576019221,6.69576E+11,
DECOY RED WINE 750ML,nv,19.98,750ml,https://shop.oceanwineandspirits.com/product/669576019207,6.69576E+11,
DECOY ROSE 750ML,nv,15.99,750ml,https://shop.oceanwineandspirits.com/product/669576020562,6.69576E+11,
DELAFORCE 10YR TAWNY PORTUGAL 750ML,nv,29.99,750ml,https://shop.oceanwineandspirits.com/product/5602418000488,5.60242E+12,
DELAFORCE FINE RUBY PORTO 750ML,nv,13.99,750ml,https://shop.oceanwineandspirits.com/product/5602418000419,5.60242E+12,
DELAFORCE FINE TAWNY PORTO 750ML,nv,13.99,750ml,https://shop.oceanwineandspirits.com/product/5602418000426,5.60242E+12,
DELAFORCE TAWNY PORTUGAL 20YR 750ML,nv,49.99,750ml,https://shop.oceanwineandspirits.com/product/5602418000495,5.60242E+12,
DELOACH RUSSIAN RIVER PINOT NOIR 750ML,nv,28.99,750ml,https://shop.oceanwineandspirits.com/product/016697000230,16697000230,
DENANTE POUILLY-FUISSE 750ML FRANCE-BOURGOGNE,nv,19.99,750ml,https://shop.oceanwineandspirits.com/product/3770004651030,3.77E+12,
DERANGE RED BLEND 750ML,nv,99.99,750ml,https://shop.oceanwineandspirits.com/product/086003255081,86003255081,
DISENO MALBEC 750ML,nv,11.99,750ml,https://shop.oceanwineandspirits.com/product/81434100108,81434100108,
DISENO MENDOZ RED BLEND 750ML,nv,11.99,750ml,https://shop.oceanwineandspirits.com/product/081434730015,81434730015,
DOM GIRARD SANCERRE LA GARENNE 750ML,nv,36.99,750ml,https://shop.oceanwineandspirits.com/product/610373581527,6.10374E+11,
DOMAINE BOSQUET 750ML,nv,14.99,750ml,https://shop.oceanwineandspirits.com/product/879716001249,8.79716E+11,
DOMAINE BOUSQUET ORGANIC CABERNET SAUVIGNON 750ML,nv,10.99,750ml,https://shop.oceanwineandspirits.com/product/879716000037,8.79716E+11,
DOMAINE BOSQUET PINOT NOIR 750ML,nv,17.99,750ml,https://shop.oceanwineandspirits.com/product/879716000747,8.79716E+11,
DOMAINE BOUSQUET ORGANIC MALBEC 750ML,nv,10.99,750ml,https://shop.oceanwineandspirits.com/product/879716000013,8.79716E+11,
DOMAINE BOUSQUET RSRV CABERNET SAUVIGNON 750ML,nv,17.99,750ml,https://shop.oceanwineandspirits.com/product/879716000563,8.79716E+11,
DOMAINE DE LA DENANTE CHARD 750ML FRANCE-BOURGUNDY,nv,18.99,750ml,https://shop.oceanwineandspirits.com/product/3770004651047,3.77E+12,
DOMAINE SERENE CHARDONNAY 750ML,nv,69.99,750ml,https://shop.oceanwineandspirits.com/product/689192372975,6.89192E+11,
DOMAINE SERENE EVANSTAD PINOT NOIR 750ML,nv,79.98,750ml,https://shop.oceanwineandspirits.com/product/689192370278,6.89192E+11,
DOMAINE SERENE YAMHILL PINOT NOIR 750ML,nv,59.99,750ml,https://shop.oceanwineandspirits.com/product/689192370179,6.89192E+11,
DOMAINES OTT CHATEAU DE SELLE ROSE 750ML,nv,53.99,750ml,https://shop.oceanwineandspirits.com/product/734599060052,7.34599E+11,
DOMAINES OTT CHATEAU ROMASSAN 750ML ROSE,nv,53.99,750ml,https://shop.oceanwineandspirits.com/product/734599020056,7.34599E+11,
DOMINIQUE CROCHET SANCERRE 750ML FRANCE-LOIRE,nv,23.99,750ml,https://shop.oceanwineandspirits.com/product/036272700409,36272700409,
DOMINUS 2014 750ML,2014,219.99,750ml,https://shop.oceanwineandspirits.com/product/636595114756,6.36595E+11,
DOMINUS NAPA RED 750ML 2018,2018,334.99,750ml,https://shop.oceanwineandspirits.com/product/636595118754,6.36595E+11,
DON BERNARDINO GENERACION 750ML SPAIN,nv,39.99,750ml,https://shop.oceanwineandspirits.com/product/8414606398348,8.41461E+12,
DOUBLE CANYON CABERNET SAUVIGNON 750ML,nv,27.99,750ml,https://shop.oceanwineandspirits.com/product/853562004401,8.53562E+11,
DOUBLE DIAMOND CABERNET SAUVIGNON NAPA  750ML,nv,84.99,750ml,https://shop.oceanwineandspirits.com/product/086003284548,86003284548,
DOWS 10 YEAR TAWNY PORTO 750ML,nv,41.99,750ml,https://shop.oceanwineandspirits.com/product/094799020165,94799020165,
DOWS 20YR TAWNY PORTO 750ML,nv,68.99,750ml,https://shop.oceanwineandspirits.com/product/094799020189,94799020189,
DOWS 30YR TAWNY PORTO 750ML,nv,146.99,750ml,https://shop.oceanwineandspirits.com/product/094799020202,94799020202,
DREAMING TREE CABERNET SAUVIGNON 750ML,nv,14.99,750ml,https://shop.oceanwineandspirits.com/product/082100738519,82100738519,
DREAMING TREE CHARDONNAY 750ML,nv,14.99,750ml,https://shop.oceanwineandspirits.com/product/082100738526,82100738526,
DREAMING TREE CRUSH RED BLEND 750ML,nv,0,750ml,https://shop.oceanwineandspirits.com/product/082100738533,82100738533,
DROUHIN BEAUJOLAIS VILLAGES  FRANCE 750ML,nv,21.99,750ml,https://shop.oceanwineandspirits.com/product/012086507014,12086507014,
DROUHIN NUITS-SAINT-GEORGES 750ML FRANCE-BOURGOGNE,nv,89.97,750ml,https://shop.oceanwineandspirits.com/product/012086551017,12086551017,
DROUHIN VAUDON CHABLIS 750ML 2018 FRANCE,2018,26.99,750ml,https://shop.oceanwineandspirits.com/product/012086322013,12086322013,
RAMOS PINTO DUAS QUINTAS RED 750ML,nv,19.99,750ml,https://shop.oceanwineandspirits.com/product/769692008625,7.69692E+11,
DUCKHORN CABERNET SAUVIGNON 750ML,nv,49.99,750ml,https://shop.oceanwineandspirits.com/product/669576019344,6.69576E+11,
DUCKHORN CHARDONNAY 750ML,nv,27.99,750ml,https://shop.oceanwineandspirits.com/product/669576020548,6.69576E+11,
DUCKHORN MERLOT 750ML,nv,49.99,750ml,https://shop.oceanwineandspirits.com/product/669576019283,6.69576E+11,
DUCKHORN THREE PALMS VINEYARD NAPA MERLOT 750ML,nv,109.99,750ml,https://shop.oceanwineandspirits.com/product/669576018521,6.69576E+11,
EARTHQUAKE CABERNET SAUVIGNON 750ML,nv,22.99,750ml,https://shop.oceanwineandspirits.com/product/652935100067,6.52935E+11,
EARTHQUAKE SYRAH 750ML,nv,24.99,750ml,https://shop.oceanwineandspirits.com/product/652935100074,6.52935E+11,
EARTHQUAKE ZINFANDEL 750ML,nv,19.98,750ml,https://shop.oceanwineandspirits.com/product/652935100043,6.52935E+11,
EBERLE VIOGNIER 750ML,nv,29.99,750ml,https://shop.oceanwineandspirits.com/product/097703161992,97703161992,
E.CATENA PADRILLOS MALBEC 750ML,nv,10.99,750ml,https://shop.oceanwineandspirits.com/product/089419448108,89419448108,
ECCO DOMANI 187 ML,nv,6.99,187ml,https://shop.oceanwineandspirits.com/product/085000031971,85000031971,
ECCO DOMANI PINOT GRIGIO 750ML,nv,10.99,750ml,https://shop.oceanwineandspirits.com/product/085000008430,85000008430,
ECHEVERRIA CABERNET SAUVIGNON 750ML CHILE,nv,22.99,750ml,https://shop.oceanwineandspirits.com/product/783757502101,7.83758E+11,
EDGE CABERNET SAUVIGNON 750ML,nv,22.99,750ml,https://shop.oceanwineandspirits.com/product/752183274029,7.52183E+11,
ELOUAN OREGON  CHARDONNAY 2019 750ML,2019,14.99,750ml,https://shop.oceanwineandspirits.com/product/865776000056,8.65776E+11,
ELOUAN PINOT NOIR 750ML,nv,17.99,750ml,https://shop.oceanwineandspirits.com/product/865776000070,8.65776E+11,
ELOUAN PINOT NOIR 1.5L,nv,34.99,1.5L,https://shop.oceanwineandspirits.com/product/865776000094,8.65776E+11,
ELU ST SUPERY RED BLEND 750ML,nv,88.99,750ml,https://shop.oceanwineandspirits.com/product/040951875142,40951875142,
EMANCIPATION 750ML,nv,0,750ml,https://shop.oceanwineandspirits.com/product/854974007004,8.54974E+11,
EMMOLO MERLOT 750ML,nv,39.99,750ml,https://shop.oceanwineandspirits.com/product/831526000546,8.31526E+11,
ENTRELOBOS TINTO FINO 750ML SPAIN,nv,19.99,750ml,https://shop.oceanwineandspirits.com/product/8412762141600,8.41276E+12,
ERATH PINOT NOIR 750ML,nv,16.99,750ml,https://shop.oceanwineandspirits.com/product/084687001017,84687001017,
ESPERTO PINOT GRIGIO 750ML ITALY-VENEZIA,nv,11.99,750ml,https://shop.oceanwineandspirits.com/product/816253010167,8.16253E+11,
ESTANCIA CABERNET SAUVIGNON 750ML,nv,11.99,750ml,https://shop.oceanwineandspirits.com/product/083085300265,83085300265,
ESTANCIA PINOT NOIR 750ML,nv,11.49,750ml,https://shop.oceanwineandspirits.com/product/83085301187,83085301187,
ESTANCIA ZINFANDEL 750ML,nv,9.99,750ml,https://shop.oceanwineandspirits.com/product/083085301507,83085301507,
ETNA ROSSO 750ML ITALY-ETNA,nv,24.99,750ml,https://shop.oceanwineandspirits.com/product/736040526827,7.36041E+11,
ETUDE PINOT NOIR 750ML,nv,39.99,750ml,https://shop.oceanwineandspirits.com/product/089819756001,89819756001,
EVE CHARDONNAY 750ML,nv,12.99,750ml,https://shop.oceanwineandspirits.com/product/086003253087,86003253087,
FABIO MOTTA PIEVI ROSSO 2016 ITALY 750ML,2016,18.99,750ml,https://shop.oceanwineandspirits.com/product/736040535966,7.36041E+11,
FABIO MOTTA NOVA BOLGHERI BIANCO ITALY 750ML,nv,19.99,750ml,https://shop.oceanwineandspirits.com/product/736040537816,7.36041E+11,
FAR NIENTE CABERNET SAUVIGNON NAPA VALLEY  750ML CS,nv,99.99,750ml,https://shop.oceanwineandspirits.com/product/030174090224,30174090224,
FAR NIENTE CHARDONNAY NAPA 750ML,nv,64.99,750ml,https://shop.oceanwineandspirits.com/product/030174091122,30174091122,
FAUST CABERNET SAUVIGNON 750ML,nv,54.99,750ml,https://shop.oceanwineandspirits.com/product/859369001254,8.59369E+11,
COPPOLA CLARET 750ML,nv,17.99,750ml,https://shop.oceanwineandspirits.com/product/739958974001,7.39959E+11,
FERRARI-CARANO CABERNET SAUVIGNON 750ML,nv,31.99,750ml,https://shop.oceanwineandspirits.com/product/742651135198,7.42651E+11,
FERRARI CARANO CHARD 375 ML SONOMA  2018,2018,17.97,375ml,https://shop.oceanwineandspirits.com/product/742651107317,7.42651E+11,
FERRARI CARANO CHARDONNAY 750ML,nv,18.99,750ml,https://shop.oceanwineandspirits.com/product/742651107195,7.42651E+11,
FERRARI-CARANO MERLOT 750ML,nv,22.99,750ml,https://shop.oceanwineandspirits.com/product/742651142196,7.42651E+11,
FERRARI-CARANO PINOT NOIR ANDERSON VLY 750ML,nv,21.97,750ml,https://shop.oceanwineandspirits.com/product/742651168103,7.42651E+11,
FERRATON CROZES HERM 750ML- LA MATINIERE- RED,nv,29.99,750ml,https://shop.oceanwineandspirits.com/product/875734000547,8.75734E+11,
FEUDO MACCARI GRILLO 750ML ITALY,nv,11.99,750ml,https://shop.oceanwineandspirits.com/product/084692440849,84692440849,
FEUDO ZIRTARI NERO DAVOLA 750ML SYRAH,nv,12.99,750ml,https://shop.oceanwineandspirits.com/product/632987207471,6.32987E+11,
FIGGINS  WALLA WALLA ESTATE RED BLEND 750ML,nv,119.99,750ml,https://shop.oceanwineandspirits.com/product/HT1201,HT1201,
FINCA Y BODEGA TOMERO MALBEC 750ML,nv,15.99,750ml,https://shop.oceanwineandspirits.com/product/894556002041,8.94556E+11,
FIT VINE CABERNET SAUVIGNON 750ML,nv,15.99,750ml,https://shop.oceanwineandspirits.com/product/853086008008,8.53086E+11,
FIT VINE PINOT GRIGIO 750ML,nv,15.99,750ml,https://shop.oceanwineandspirits.com/product/853086008077,8.53086E+11,
FLEUR DE MER ROSE 750ML,nv,20.99,750ml,https://shop.oceanwineandspirits.com/product/85000024706,85000024706,
FLEUR DE MER ROSE FRANCE 375ML,nv,12.99,375ml,https://shop.oceanwineandspirits.com/product/85000031100,85000031100,
FLEURS DE PRAIRIE ROSE 750ml,nv,14.99,750ml,https://shop.oceanwineandspirits.com/product/031259002583,31259002583,
FLOR DE MUGA ROSE 750ML,nv,32.99,750ml,https://shop.oceanwineandspirits.com/product/8414542055169,8.41454E+12,
FLOR DE PINGUS 2016 750ML   Spain  CS,2016,104.99,750ml,https://shop.oceanwineandspirits.com/product/SKU000303,SKU000303,
FLORIO MARSALA 750ML ITALY,nv,14.99,750ml,https://shop.oceanwineandspirits.com/product/080516121741,80516121741,
FLOWERS CHARDONNAY 750ML,nv,48.99,750ml,https://shop.oceanwineandspirits.com/product/859369001605,8.59369E+11,
FLOWERS PINOT NOIR 750ML,nv,54.99,750ml,https://shop.oceanwineandspirits.com/product/859369001636,8.59369E+11,
FOLONARI PINOT GRIGIO 1.5L,nv,13.97,1.5L,https://shop.oceanwineandspirits.com/product/089744327857,89744327857,
FONSECA BIN 27 PORTO 750ML,nv,19.99,750ml,https://shop.oceanwineandspirits.com/product/84692303649,84692303649,
FONSECA TAWNY PORT 750ML,nv,17.99,750ml,https://shop.oceanwineandspirits.com/product/084692303540,84692303540,
FONTANAFREDDA GAVI 750mL ITALIAN WHITE,nv,19.99,750ml,https://shop.oceanwineandspirits.com/product/086785410319,86785410319,
FOUR GRACES PINOT NOIR 750ML,nv,24.99,750ml,https://shop.oceanwineandspirits.com/product/185977000076,1.85977E+11,
FOURNIER SANCERRE BELLES VIGNES 750ML,nv,39.99,750ml,https://shop.oceanwineandspirits.com/product/3285640102957,3.28564E+12,
FRANC BEAUSEJOUR-WHITE 750ML- 2018 BORDEAUX WHITE,2018,10.99,750ml,https://shop.oceanwineandspirits.com/product/3700380569209,3.70038E+12,
FRANCISCAN CABERNET SAUVIGNON 750ML,nv,13.99,750ml,https://shop.oceanwineandspirits.com/product/210000002748,2.1E+11,
FRANCOIS CROCHET SANCERRE 750ML 2018 FRANCE,2018,29.99,750ml,https://shop.oceanwineandspirits.com/product/FRANCOISCROCHET,FRANCOISCROCHET,
FRANCOIS MONTAND BRUT ROSE 750ML,nv,9.99,750ml,https://shop.oceanwineandspirits.com/product/088580500349,88580500349,
FRANK FAMILY CABERNET SAUVIGNON 750ML,nv,52.99,750ml,https://shop.oceanwineandspirits.com/product/894910000409,8.9491E+11,
FRANK FAMILY NAPA CHARDONNAY 750ML,nv,35.99,750ml,https://shop.oceanwineandspirits.com/product/894910000102,8.9491E+11,
FRANK FAMILY PINOT NOIR 750ML,nv,39.99,750ml,https://shop.oceanwineandspirits.com/product/894910000805,8.9491E+11,
FRANK FAMILY RESERVE CABERNET SAUVIGNON 750ML,nv,99.99,750ml,https://shop.oceanwineandspirits.com/product/894910000201,8.9491E+11,
FRANK FAMILY ZINFANDEL 750ML,nv,39.99,750ml,https://shop.oceanwineandspirits.com/product/894910000508,8.9491E+11,
FRANZHAAS PINOT GRIGIO 750ML ITALY,nv,12.99,750ml,https://shop.oceanwineandspirits.com/product/810022275207,8.10022E+11,
FRATELI COZZA PROSECCO ROSE 750ML,nv,9.99,750ml,https://shop.oceanwineandspirits.com/product/892019001112,8.92019E+11,
FRE CHARDONNAY 750ML NON-ALCOHOLIC,nv,11.99,750ml,https://shop.oceanwineandspirits.com/product/08510129,8510129,
FRE MOSCATO 750ML NON-ALCOHOLIC,nv,10.99,750ml,https://shop.oceanwineandspirits.com/product/08510624,8510624,
FRE SPARKLING BRUT 750ML NON ALCOHOLIC,nv,11.99,750ml,https://shop.oceanwineandspirits.com/product/08510527,8510527,
FREAKSHOW CABERNET SAUVIGNON 750ML,nv,18.99,750ml,https://shop.oceanwineandspirits.com/product/652935100333,6.52935E+11,
FREEMARK ABBEY CABERNET SAUVIGNON 750ML,nv,59.99,750ml,https://shop.oceanwineandspirits.com/product/015917026968,15917026968,
FREEMARK ABBEY MERLOT 750ML,nv,29.99,750ml,https://shop.oceanwineandspirits.com/product/015917026975,15917026975,
FREI BROTHERS CHARDONNAY RSRVE 750ML,nv,16.99,750ml,https://shop.oceanwineandspirits.com/product/085000010563,85000010563,
FREIXENET CORDON NEGRO BRUT 750ML,nv,14.99,750ml,https://shop.oceanwineandspirits.com/product/033293003007,33293003007,
FREIXENET EXTRA DRY 750ML,nv,14.99,750ml,https://shop.oceanwineandspirits.com/product/033293003809,33293003809,
FRESCOBALDI NIPOZZANO 750ML CHIANTI RUFINA ITALY,nv,24.99,750ml,https://shop.oceanwineandspirits.com/product/877397000018,8.77397E+11,
FROGS LEAP ZINFANDEL 750ML,nv,26.99,750ml,https://shop.oceanwineandspirits.com/product/715962081157,7.15962E+11,
FUSE CABERNET SAUVIGNON 750ML,nv,18.99,750ml,https://shop.oceanwineandspirits.com/product/752183290715,7.52183E+11,
GAJA CA' MARCANDA PROMIS ITALY-TUSCANY 750ML,nv,59.99,750ml,https://shop.oceanwineandspirits.com/product/086891072722,86891072722,
GAJA SITO MORESCO LANGHE 750ML ITALY-LANGHE,nv,64.99,750ml,https://shop.oceanwineandspirits.com/product/SITOGAJA,SITOGAJA,
GALLO  WHITE ZINFANDEL 4PACK 187ML,nv,14.99,187ml,https://shop.oceanwineandspirits.com/product/085000005170,85000005170,
GALLO CHARDONNAY 187ML 187ML,nv,3.99,187ml,https://shop.oceanwineandspirits.com/product/08554202,8554202,
GALLO MOSCATOPACK 4 PACK 187ML,nv,11.99,187ml,https://shop.oceanwineandspirits.com/product/085000048863,85000048863,
GALLO PINOT GRIGIO 4 PACK 187ML,nv,11.99,187ml,https://shop.oceanwineandspirits.com/product/085000048955,85000048955,
GALLO RUSSIAN RIVER CHARDONNAY 750ML,nv,14.99,750ml,https://shop.oceanwineandspirits.com/product/085000019269,85000019269,
GALLO SANTANA PINOT NOIR 750ML LUCIA HIGHLANDS,nv,0,750ml,https://shop.oceanwineandspirits.com/product/085000019252,85000019252,
GALLO SONOMA CHARDONNAY 750ML,nv,32.99,750ml,https://shop.oceanwineandspirits.com/product/085000021613,85000021613,
GALLOPACK CHARDONNAY 4PK-187ML,nv,14.99,187ml,https://shop.oceanwineandspirits.com/product/085000005330,85000005330,
GARAGE WINE CARIGNAN 750ML,nv,0,750ml,https://shop.oceanwineandspirits.com/product/891518001791,8.91518E+11,
GARAGE WINE GARNACHA 750ML SPAIN,nv,0,750ml,https://shop.oceanwineandspirits.com/product/891518002170,8.91518E+11,
GARNACHA DE FUEGO 750ML 2018 SPAIN,2018,12.99,750ml,https://shop.oceanwineandspirits.com/product/8437012538016,8.43701E+12,
GARZON CABERNET FRANC 750ML,nv,15.99,750ml,https://shop.oceanwineandspirits.com/product/7730951081331,7.73095E+12,
GASCON MALBEC  750ML,nv,12.99,750ml,https://shop.oceanwineandspirits.com/product/85000016145,85000016145,
GASCON MALBEC RESERVE 750ML,nv,21.99,750ml,https://shop.oceanwineandspirits.com/product/085000017562,85000017562,
GATO NEGRO MALBEC 750ML,nv,0,750ml,https://shop.oceanwineandspirits.com/product/088320131178,88320131178,
GAZELA VINHO VERDE 750ML PORTUGAL,nv,9.99,750ml,https://shop.oceanwineandspirits.com/product/739949010404,7.39949E+11,
GB CRANE CABERNET SAUVIGNON 750ML,nv,299.99,750ml,https://shop.oceanwineandspirits.com/product/SKU000333,SKU000333,
G.D. VAJRA BARBERA DALBA 750ML ITALY-ALBA,nv,22.99,750ml,https://shop.oceanwineandspirits.com/product/695798113225,6.95798E+11,
GEMMA DI LUNA MOSCATO 750ML,nv,14.99,750ml,https://shop.oceanwineandspirits.com/product/857660004448,8.5766E+11,
GERARD BERTRAND COTES DE ROSES ROSE 750ML,nv,15.99,750ml,https://shop.oceanwineandspirits.com/product/812147020083,8.12147E+11,
G.H. MUMM GRAND CORDON BRUT 750ML,nv,49.99,750ml,https://shop.oceanwineandspirits.com/product/852832104896,8.52832E+11,
GHOST BLOCK OAKVILLE CABERNET SAUVIGNON 750ML,nv,79.99,750ml,https://shop.oceanwineandspirits.com/product/832550030219,8.3255E+11,
GHOST BLOCK YOUNTVLLE CABERNET SAUVIGNON 750ML,nv,116.99,750ml,https://shop.oceanwineandspirits.com/product/9513572,9513572,
GHOST BLOCK ZINFANDEL 750ML,nv,37.99,750ml,https://shop.oceanwineandspirits.com/product/244778,244778,
GHOST PINES CHARDONNAY 750ML,nv,21.99,750ml,https://shop.oceanwineandspirits.com/product/085000016244,85000016244,
GHOST PINES RED BLEND 750ML,nv,19.99,750ml,https://shop.oceanwineandspirits.com/product/085000019689,85000019689,
GIBSON MADEIRA RED BLEND 750ML,nv,9.99,750ml,https://shop.oceanwineandspirits.com/product/083420325328,83420325328,
GLORIA FERRER BRUT 750ML,nv,26.99,750ml,https://shop.oceanwineandspirits.com/product/33293111009,33293111009,
GOLDENEYE PINOT NOIR 750ML,nv,49.98,750ml,https://shop.oceanwineandspirits.com/product/669576019528,6.69576E+11,
GOTT 14 CABERNET SAUVIGNON 750ML,nv,39.99,750ml,https://shop.oceanwineandspirits.com/product/188985000199,1.88985E+11,
GOUGUENHEIM MALBEC 750ML,nv,12.99,750ml,https://shop.oceanwineandspirits.com/product/876155000284,8.76155E+11,
GRECO DI TUFO L''ARIELLA 750ML ITALY,nv,18.99,750ml,https://shop.oceanwineandspirits.com/product/8033182900020,8.03318E+12,
GRGICH HILLS CABERNET SAUVIGNON 750ML,nv,66.99,750ml,https://shop.oceanwineandspirits.com/product/047156357503,47156357503,
GRGICH HILLS CHARDONNAY 750ML,nv,39.97,750ml,https://shop.oceanwineandspirits.com/product/047156107504,47156107504,
GRGICH HILLS MERLOT 750ML,nv,39.98,750ml,https://shop.oceanwineandspirits.com/product/047156507502,47156507502,
GROTH CABERNET SAUVIGNON OAKVILLE 750ML,nv,69.99,750ml,https://shop.oceanwineandspirits.com/product/089541300893,89541300893,
GROTH CHARDONNAY 750ML,nv,34.99,750ml,https://shop.oceanwineandspirits.com/product/089541200902,89541200902,
GROTH RESERVE CABERNET SAUVIGNON 2018 750ML CS,2018,169.98,750ml,https://shop.oceanwineandspirits.com/product/089541500934,89541500934,
GROTH RESERVE CABERNET SAUVIGNON 1.5L,nv,319.99,1.5L,https://shop.oceanwineandspirits.com/product/089541599945,89541599945,
GRUET BRUT 750ML,nv,19.99,750ml,https://shop.oceanwineandspirits.com/product/701253002000,7.01253E+11,
GUARACHI SUN CHASE PINOT NOIR 750ML,nv,79.99,750ml,https://shop.oceanwineandspirits.com/product/734352000004,7.34352E+11,
GUENOC CABERNET SAUVIGNON 750ML,nv,9.99,750ml,https://shop.oceanwineandspirits.com/product/081633185227,81633185227,
GUENOC PETIT SYRAH 750ML,nv,7.99,750ml,https://shop.oceanwineandspirits.com/product/081633303751,81633303751,
GUIGAL COTES DU RHONE RED 750ML FRANCE,nv,15.99,750ml,https://shop.oceanwineandspirits.com/product/790559501003,7.9056E+11,
H. FESSY GAMAY NOIR 750ML FRANCE RED,nv,12.99,750ml,https://shop.oceanwineandspirits.com/product/3433221002367,3.43322E+12,
H. MYNORS 2014 ZINFANDEL 750ML,2014,13.99,750ml,https://shop.oceanwineandspirits.com/product/859139001729,8.59139E+11,
HACIENDA DE ARINZANO CHARD 750ML SPAIN,nv,18.99,750ml,https://shop.oceanwineandspirits.com/product/811751021677,8.11751E+11,
HAHN CABERNET SAUVIGNON 750ML,nv,14.99,750ml,https://shop.oceanwineandspirits.com/product/086788666881,86788666881,
HAHN CHARDONNAY 750ML,nv,13.99,750ml,https://shop.oceanwineandspirits.com/product/086788555901,86788555901,
HAILSTONE CABERNET SAUVIGNON 750ML,nv,161.99,750ml,https://shop.oceanwineandspirits.com/product/868323000363,8.68323E+11,
HALL CABERNET SAUVIGNON 2019 750ML,2019,59.97,750ml,https://shop.oceanwineandspirits.com/product/892159000570,8.92159E+11,
HAMPTON WATER ROSE 750ML,nv,17.99,750ml,https://shop.oceanwineandspirits.com/product/812147021004,8.12147E+11,
HANNA CABERNET SAUVIGNON 750ML,nv,29.99,750ml,https://shop.oceanwineandspirits.com/product/086891073309,86891073309,
HANZELL SEBELLA PINOT NOIR 750ML 2020 SONOMA,2020,0,750ml,https://shop.oceanwineandspirits.com/product/040232103063,40232103063,
HARKEN BARREL FERMENTED 750ML CHARDONNAY,nv,10.99,750ml,https://shop.oceanwineandspirits.com/product/847159001812,8.47159E+11,
HARVEY & HARRIET RED BLEND 750ML,nv,33.99,750ml,https://shop.oceanwineandspirits.com/product/867506000428,8.67506E+11,
HEDGES RED MOUNTAIN 13 750ML,nv,0,750ml,https://shop.oceanwineandspirits.com/product/080226987781,80226987781,
HEDGES RED MOUNTAIN CABERNETSAUVIGNON 750ML,nv,44.99,750ml,https://shop.oceanwineandspirits.com/product/080226987057,80226987057,
HEINZ EIFEL EISWEIN 375ML,nv,27.99,375ml,https://shop.oceanwineandspirits.com/product/089832910152,89832910152,
HEITZ CELLAR  CABERNET SAUVIGNON NAPA 750ML,nv,68.99,750ml,https://shop.oceanwineandspirits.com/product/098803011705,98803011705,
CHAMPAGNE HENRIOT 2006 CUVEE HEMERA 750ML CS,2006,179.99,750ml,https://shop.oceanwineandspirits.com/product/843304001362,8.43304E+11,
CHAMPAGNE HENRIOT SOUVERAIN BRUT 750ML,nv,39.99,750ml,https://shop.oceanwineandspirits.com/product/843304000440,8.43304E+11,
HENRIOT ROSE 750ML,nv,49.99,750ml,https://shop.oceanwineandspirits.com/product/843304000563,8.43304E+11,
HESS ALLOMI CABERNET SAUVIGNON 750ML,nv,34.99,750ml,https://shop.oceanwineandspirits.com/product/717888410226,7.17888E+11,
HESS CHARDONNAY MONTEREY 750ML,nv,14.99,750ml,https://shop.oceanwineandspirits.com/product/210000003087,2.1E+11,
HESS SELECT CABERNET SAUVIGNON 750ML,nv,14.99,750ml,https://shop.oceanwineandspirits.com/product/717888510025,7.17889E+11,
HESS SELECT PINOT GRIS 750ML,nv,10.99,750ml,https://shop.oceanwineandspirits.com/product/717888557921,7.17889E+11,
HESS TREO RED BLEND 750ML,nv,17.99,750ml,https://shop.oceanwineandspirits.com/product/717888500224,7.17889E+11,
HIGH DIVE NAPA VALLEY 750ML 2015,2015,82.99,750ml,https://shop.oceanwineandspirits.com/product/040232118661,40232118661,
HILL FAMILY NAPA CABERNET SAUVIGNON 750ML,nv,39.99,750ml,https://shop.oceanwineandspirits.com/product/HILLFAMCAB,HILLFAMCAB,
HIRO GINJO SAKE BLUE 300ML JAPAN,nv,16.99,750ml,https://shop.oceanwineandspirits.com/product/736040527237,7.36041E+11,
HIRO GINJO SAKE BLUE 720ML,nv,31.99,750ml,https://shop.oceanwineandspirits.com/product/736040019756,7.3604E+11,
HIRO JUNMAI SAKE RED 300ML,nv,13.99,750ml,https://shop.oceanwineandspirits.com/product/736040527299,7.36041E+11,
HIRO JUNMAI SAKE RED 720ML,nv,28.99,750ml,https://shop.oceanwineandspirits.com/product/736040019770,7.3604E+11,
HONIG CABERNET SAUVIGNON 750ML,nv,48.99,750ml,https://shop.oceanwineandspirits.com/product/083837020007,83837020007,
HONORO VERA GARNACHA 750ML SPAIN,nv,9.99,750ml,https://shop.oceanwineandspirits.com/product/851115002218,8.51115E+11,
HOUSE OF BROWN ROSE 750ML,nv,19.99,750ml,https://shop.oceanwineandspirits.com/product/855690005343,8.5569E+11,
HUGEL GEWURZTRAMINER CLASSIC ALSACE 750ML,nv,24.99,750ml,https://shop.oceanwineandspirits.com/product/089744364982,89744364982,
HUNDRED ACRE DEEP TIME 2015 750ML,2015,799.99,750ml,https://shop.oceanwineandspirits.com/product/DEEPTIME,DEEPTIME,
HUNDRED ACRE KAYLI MORGAN 750ML 2018,2018,799.99,750ml,https://shop.oceanwineandspirits.com/product/KAYLIMORGAN,KAYLIMORGAN,
HUNDRED ACRE WRAITH 2016 750ML,2016,799.99,750ml,https://shop.oceanwineandspirits.com/product/WRAITH,WRAITH,
IF YOU SEE KAY 2017 750ML,2017,19.99,750ml,https://shop.oceanwineandspirits.com/product/896599002149,8.96599E+11,
Il BASTARDO SANGIOVESE 750ML ITALY,nv,9.99,750ml,https://shop.oceanwineandspirits.com/product/875734003777,8.75734E+11,
ANTINORI IL BRUCIATO 2020 750ML,2020,27.99,750ml,https://shop.oceanwineandspirits.com/product/210000003178,2.1E+11,
IL POGGIONE TOSCANA 750ML ITALY,nv,16.99,750ml,https://shop.oceanwineandspirits.com/product/086891088662,86891088662,
ILLUSION RED BLEND 750ML,nv,13.99,750ml,https://shop.oceanwineandspirits.com/product/796238029011,7.96238E+11,
IMAGERY CABERNET SAUVIGNON 750ML,nv,16.99,750ml,https://shop.oceanwineandspirits.com/product/081308004426,81308004426,
IMAGERY PINOT NOIR 750ML,nv,14.97,750ml,https://shop.oceanwineandspirits.com/product/081308004433,81308004433,
INCOGNITO RED WINE 750ML,nv,24.99,750ml,https://shop.oceanwineandspirits.com/product/652935100005,6.52935E+11,
INGLENOOK RUBICON 750ML,nv,199.99,750ml,https://shop.oceanwineandspirits.com/product/896136001147,8.96136E+11,
INKBLOT PETIT VERDOT 750ML,nv,34.99,750ml,https://shop.oceanwineandspirits.com/product/652935100364,6.52935E+11,
INTERCEPT PINOT NOIR 750ML,nv,21.99,750ml,https://shop.oceanwineandspirits.com/product/847159002505,8.47159E+11,
J BRUT ROSE 750ML,nv,37.99,750ml,https://shop.oceanwineandspirits.com/product/724624112016,7.24624E+11,
J CHARDONNAY 750ML,nv,19.99,750ml,https://shop.oceanwineandspirits.com/product/724624001075,7.24624E+11,
J CUVEE 20 BRUT 750ML,nv,32.99,750ml,https://shop.oceanwineandspirits.com/product/724624114010,7.24624E+11,
J CUVEE SPARKLING 750ML,nv,19.98,750ml,https://shop.oceanwineandspirits.com/product/724624001020,7.24624E+11,
J. DE VILLEBOIS SANCERRE 750ML,nv,31.99,750ml,https://shop.oceanwineandspirits.com/product/3760189780557,3.76019E+12,
J LOHR CABERNET SAUVIGNON 750ML,nv,15.98,750ml,https://shop.oceanwineandspirits.com/product/089121288122,89121288122,
J LOHR CHARDONNAY RIVERSTONE 750ML,nv,12.99,750ml,https://shop.oceanwineandspirits.com/product/89121068823,89121068823,
JOSEPH PHELPS PINOT NOIR FREESTONE VINEYARDS 750ML,nv,64.99,750ml,https://shop.oceanwineandspirits.com/product/010465520500,10465520500,
J PINOT GRIS 750ML,nv,14.99,750ml,https://shop.oceanwineandspirits.com/product/724624116090,7.24624E+11,
J PINOT NOIR 375ML,nv,11.99,375ml,https://shop.oceanwineandspirits.com/product/724624001068,7.24624E+11,
J VINEYARDS PINOT NOIR 750ML,nv,19.99,750ml,https://shop.oceanwineandspirits.com/product/724624001006,7.24624E+11,
J VINEYARDS  PINOT NOIR  RUSSIAN RIVER 750ML,nv,43.99,750ml,https://shop.oceanwineandspirits.com/product/724624115017,7.24624E+11,
J VINEYARDS RUSSIAN RIVR CHARD 750ML,nv,29.99,750ml,https://shop.oceanwineandspirits.com/product/724624118018,7.24624E+11,
JACKSON TRIGGS ICE WINE 187ML,nv,27.99,187ml,https://shop.oceanwineandspirits.com/product/063657008751,63657008751,
JACOBS CREEK CHARDONNAY 750ML,nv,12.99,750ml,https://shop.oceanwineandspirits.com/product/080432352076,80432352076,
JACOBS CREEK RES SHIRAZ 750ML,nv,14.99,750ml,https://shop.oceanwineandspirits.com/product/080432353073,80432353073,
JACOBS CREEK RSV CABERNET SAUVIGNON 750ML,nv,14.99,750ml,https://shop.oceanwineandspirits.com/product/080432355077,80432355077,
JADOT BEAUJOLAIS-VILLAGE 750ML,nv,12.99,750ml,https://shop.oceanwineandspirits.com/product/84692400546,84692400546,
LOUIS JADOT POUILLY FUISSE 750ML,nv,31.99,750ml,https://shop.oceanwineandspirits.com/product/846926848476,8.46927E+11,
JAM JAR SWEET SHIRAZ 750ML,nv,7.99,750ml,https://shop.oceanwineandspirits.com/product/755738000975,7.55738E+11,
JAYSON PAHLMER CHARDONAY 750ML,nv,49.99,750ml,https://shop.oceanwineandspirits.com/product/857407002058,8.57407E+11,
JAYSON RED BLEND 750ML,nv,59.99,750ml,https://shop.oceanwineandspirits.com/product/857407002089,8.57407E+11,
JEAN BALMONT 750ML-2018 FRENCH PINOT NOIR,2018,12.99,750ml,https://shop.oceanwineandspirits.com/product/641586342803,6.41586E+11,
JEAN-LUC COLOMBO CAPE BLEUE ROSE 750ML,nv,13.99,750ml,https://shop.oceanwineandspirits.com/product/086785350530,86785350530,
JERMANN PINOT GRIGIO 750ML ITALY-VENEZIA,nv,24.99,750ml,https://shop.oceanwineandspirits.com/product/726452001562,7.26452E+11,
JERMANN WHERE DREAMS 750ML ITALY,nv,69.99,750ml,https://shop.oceanwineandspirits.com/product/726452001630,7.26452E+11,
JOEL GOTT 815 CABERNET SAUVIGNON 750ML,nv,15.99,750ml,https://shop.oceanwineandspirits.com/product/188985000137,1.88985E+11,
JOEL GOTT CHARDONNAY 750ML,nv,12.99,750ml,https://shop.oceanwineandspirits.com/product/188985000038,1.88985E+11,
JOEL GOTT PALISADES 750ML,nv,11.97,750ml,https://shop.oceanwineandspirits.com/product/817625010181,8.17625E+11,
JOEL GOTT PINOT NOIR 750ML,nv,17.97,750ml,https://shop.oceanwineandspirits.com/product/817625010143,8.17625E+11,
JOLIVET SANCERRE CLOS DU ROY 750ML,nv,60.99,750ml,https://shop.oceanwineandspirits.com/product/089745376885,89745376885,
JORDAN CHARDONNAY 750ML,nv,44.99,750ml,https://shop.oceanwineandspirits.com/product/210000003351,2.1E+11,
JOSEPH CARR CHARDONNAY 750ML,nv,18.99,750ml,https://shop.oceanwineandspirits.com/product/857744001219,8.57744E+11,
JOSEPH DROUHIN BOURGOGNE 750ML- PINOT NOIR - FRANCE,nv,19.99,750ml,https://shop.oceanwineandspirits.com/product/012086511318,12086511318,
JOSEPH PHELPS CABERNET SAUVIGON 750ML,nv,89.99,750ml,https://shop.oceanwineandspirits.com/product/10465208903,10465208903,
JOSH CABERNET SAUVIGNON BOURBON BRL AGED 750ML,nv,16.99,750ml,https://shop.oceanwineandspirits.com/product/031259004327,31259004327,
JOSH CHARDONNAY 750ML,nv,12.99,750ml,https://shop.oceanwineandspirits.com/product/857744001325,8.57744E+11,
JOSH LEGACY RED BLEND 750ML,nv,13.99,750ml,https://shop.oceanwineandspirits.com/product/031259048024,31259048024,
JOSH MERLOT 750ML CALIFORNIA,nv,13.99,750ml,https://shop.oceanwineandspirits.com/product/857744011157,8.57744E+11,
JOSH CELLARS PINOT NOIR 750ML,nv,13.99,750ml,https://shop.oceanwineandspirits.com/product/031259046952,31259046952,
JOSH CELLARS PROSECCO 750ML,nv,14.99,750ml,https://shop.oceanwineandspirits.com/product/031259003726,31259003726,
JOSH ZINFANDEL 750ML,nv,19.99,750ml,https://shop.oceanwineandspirits.com/product/031259049229,31259049229,
J PHELPS INSIGNIA 750ML CS,nv,364.99,750ml,https://shop.oceanwineandspirits.com/product/010465709608,10465709608,
JUAN GIL RED BLEND BLUE LABEL SPAIN-JUMILLA 750ML,nv,29.99,750ml,https://shop.oceanwineandspirits.com/product/851115002188,8.51115E+11,
JUAN GIL MONASTRELL MOUVEDRE SILVER LABEL 750ML,nv,14.99,750ml,https://shop.oceanwineandspirits.com/product/819451005003,8.19451E+11,
JUGGERNAUT CABERNET SAUVIGNON 750ML,nv,18.99,750ml,https://shop.oceanwineandspirits.com/product/080887551017,80887551017,
JUSTIN CABERNET SAUVIGNON 750ML,nv,23.99,750ml,https://shop.oceanwineandspirits.com/product/733952997103,7.33953E+11,
JUSTIN ISOSCELES 750ML,nv,79.99,750ml,https://shop.oceanwineandspirits.com/product/2100000067886,2.1E+12,
JUSTIN JUSTIFICATION 750ML,nv,59.99,750ml,https://shop.oceanwineandspirits.com/product/733952997554,7.33953E+11,
KAIKEN MALBEC 750ML,nv,13.99,750ml,https://shop.oceanwineandspirits.com/product/715126555012,7.15127E+11,
KEDEM SPARKLING 750ML KOSHER NEW YORK,nv,7.99,750ml,https://shop.oceanwineandspirits.com/product/087752001509,87752001509,
KENADLL JACKSON MERLOT 750ML,nv,21.99,750ml,https://shop.oceanwineandspirits.com/product/081584131526,81584131526,
KENDALL JACKSON GRAND RESERVE CHARD 750,nv,16.47,750ml,https://shop.oceanwineandspirits.com/product/081584013082,81584013082,
KENDALL JACKSON CABERNET SAUVIGNON 750ML,nv,20.99,750ml,https://shop.oceanwineandspirits.com/product/081584013174,81584013174,
KENDALL JACKSON ESTATE P.NOIR 750ML,nv,22.97,750ml,https://shop.oceanwineandspirits.com/product/JACKSON SONOMA,JACKSON SONOMA,
KENDALL JACKSON MERLOT 750ML,nv,21.99,750ml,https://shop.oceanwineandspirits.com/product/1177,1177,
KENDALL JACKSON PINOT GRIS 750ML,nv,13.99,750ml,https://shop.oceanwineandspirits.com/product/081584002154,81584002154,
KENDALL JACKSON PINOT NOIR 750ML,nv,19.98,750ml,https://shop.oceanwineandspirits.com/product/081584131519,81584131519,
KENDALL JACKSON VINTERS P.NOIR 750ML,nv,19.97,750ml,https://shop.oceanwineandspirits.com/product/081584000839,81584000839,
KENDALL JACKSON VR CHARDONNAY 750ML,nv,14.99,750ml,https://shop.oceanwineandspirits.com/product/081584013105,81584013105,
KENWOOD JACK LONDON CABERNET SAUVIGNON 750ML,nv,22.99,750ml,https://shop.oceanwineandspirits.com/product/010986000024,10986000024,
KENWOOD SIX RIDGES CABERNET SAUVIGNON 750ML,nv,19.99,750ml,https://shop.oceanwineandspirits.com/product/010986010030,10986010030,
KENWOOD SIX RIDGES CHARDONNAY 750ML RUSSIAN RIVER VALLEY,nv,17.99,750ml,https://shop.oceanwineandspirits.com/product/010986010078,10986010078,
KETTMEIR MULLER THURGAU 750ML ITALY-ALTO ADIGE,nv,19.99,750ml,https://shop.oceanwineandspirits.com/product/632987124617,6.32987E+11,
KING ESTATE PINOT GRIS 750ML,nv,17.99,750ml,https://shop.oceanwineandspirits.com/product/768675960127,7.68676E+11,
KING ESTATE PINOT NOIR  WILAMETTE VALLEY ARTISAN SERIES 750ML,nv,27.99,750ml,https://shop.oceanwineandspirits.com/product/768675960226,7.68676E+11,
KISTLER LES NOISETIERS RUSSIAN RIVER CHARD 750ML,nv,84.99,750ml,https://shop.oceanwineandspirits.com/product/KISTLER,KISTLER,
KISTLER SONOMA PINOT NOIR 750ML,nv,71.99,750ml,https://shop.oceanwineandspirits.com/product/KISTLER 2,KISTLER 2,
KISTLER RUSSIAN RIVER PINOT NOIR 750ML,nv,79.99,750ml,https://shop.oceanwineandspirits.com/product/KISTLER3,KISTLER3,
KLINKER BRICK FARRAH SYRAH 750ML,nv,21.99,750ml,https://shop.oceanwineandspirits.com/product/853739000038,8.53739E+11,
KLINKER BRICK ZINFANDEL 750ML,nv,22.99,750ml,https://shop.oceanwineandspirits.com/product/853739000021,8.53739E+11,
KONGSGAARD CABERNET SAUVIGNON 2017 750ML,2017,249.99,750ml,https://shop.oceanwineandspirits.com/product/KONGSGAARD,KONGSGAARD,
KONGSGAARD CHARDONNAY 750ML,nv,129.99,750ml,https://shop.oceanwineandspirits.com/product/SKU000058,SKU000058,
KORBEL BRUT 750ML,nv,14.99,750ml,https://shop.oceanwineandspirits.com/product/84704091328,84704091328,
KORBEL BRUT 187ML,nv,4.99,187ml,https://shop.oceanwineandspirits.com/product/084704091229,84704091229,
KORBEL BRUT ROSE 750ML,nv,14.98,750ml,https://shop.oceanwineandspirits.com/product/084704091878,84704091878,
KORBEL EXTRA DRY 750ML,nv,14.99,750ml,https://shop.oceanwineandspirits.com/product/084704091472,84704091472,
KORBEL SWEET ROSE 750ML,nv,14.99,750ml,https://shop.oceanwineandspirits.com/product/84704097979,84704097979,
KOSTA BROWNE 16 CHARDONNAY 750ML,nv,64.99,750ml,https://shop.oceanwineandspirits.com/product/KOSBRCHA,KOSBRCHA,
KOSTA BROWNE CHARDONNAY 750ML,nv,69.99,750ml,https://shop.oceanwineandspirits.com/product/KB1,KB1,
KOSTA BROWNE RUSSIAN RIVER 17 750ML,nv,109.98,750ml,https://shop.oceanwineandspirits.com/product/669576080122,6.69576E+11,
KOSTA BROWNE SANTA RITA 750ML,nv,129.97,750ml,https://shop.oceanwineandspirits.com/product/669576080023,6.69576E+11,
KOSTA BROWNE SONOMA 750ML,nv,119.97,750ml,https://shop.oceanwineandspirits.com/product/669576080429,6.69576E+11,
KRIS PINOT GRIGIO 750ML,nv,12.99,750ml,https://shop.oceanwineandspirits.com/product/810022274200,8.10022E+11,
LOUIS JADOT PULIGNY-MONTRACHET 750ML,nv,103.99,750ml,https://shop.oceanwineandspirits.com/product/084692424948,84692424948,
MAISON LOUIS LATOUR MACON-LUGNY 2021 LES GENIEVRES 750ML,2021,21.99,750ml,https://shop.oceanwineandspirits.com/product/026861102004,26861102004,
L. LATOUR POUILLY- FUISSE 750ML FRANCE WHITE,nv,33.99,750ml,https://shop.oceanwineandspirits.com/product/026861103162,26861103162,
LA  PRANDA  BAROLO 750ML ITALY,nv,58.99,750ml,https://shop.oceanwineandspirits.com/product/8014384000435,8.01438E+12,
LA CREMA MONT CHARDONNAY 750ML,nv,16.97,750ml,https://shop.oceanwineandspirits.com/product/049331021094,49331021094,
LA CREMA MONTEREY PINOT NOIR 750ML,nv,14.97,750ml,https://shop.oceanwineandspirits.com/product/049331010968,49331010968,
LA CREMA SONOMA CHARDONNAY 750ML,nv,18.99,750ml,https://shop.oceanwineandspirits.com/product/049331002222,49331002222,
LA CREMA SONOMA PINOT NOIR 750ML,nv,24.99,750ml,https://shop.oceanwineandspirits.com/product/49331002307,49331002307,
LA CREMA WILLAMETTE VALLEY PINOT NOIR 750ML,nv,29.97,750ml,https://shop.oceanwineandspirits.com/product/049331003137,49331003137,
LA CROCINA ROSSO DI MONTALCINO 750ML- TUSCANY- RED,nv,24.99,750ml,https://shop.oceanwineandspirits.com/product/736040543572,7.36041E+11,
LA GIOIOSA PROSECCO 187ML 187ML,nv,3.99,187ml,https://shop.oceanwineandspirits.com/product/850651005189,8.50651E+11,
LA GRANDE DAME 2012 750ML CS,2012,189.99,750ml,https://shop.oceanwineandspirits.com/product/081753830106,81753830106,
LA MOUSSIER SANCERRE 750ML,nv,29.99,750ml,https://shop.oceanwineandspirits.com/product/3273390117505,3.27339E+12,
LA POSTA FAZZIO MALBEC 750ML,nv,17.99,750ml,https://shop.oceanwineandspirits.com/product/835603002218,8.35603E+11,
LA SCOLCA GAVI WHITE SECCO 750ML,nv,19.99,750ml,https://shop.oceanwineandspirits.com/product/088320004830,88320004830,
LA SCOLCA GAVI BLACK LABEL 750ML,nv,44.99,750ml,https://shop.oceanwineandspirits.com/product/088320004816,88320004816,
LA SPINETTA BARBARESCO 750ML ITALY-BARBARESCO,nv,59.99,750ml,https://shop.oceanwineandspirits.com/product/8022252211388,8.02225E+12,
LA VIEILLE FERME ROUGE 750ML,nv,9.99,750ml,https://shop.oceanwineandspirits.com/product/089419000108,89419000108,
LA VIEILLE FERME WHITE White 750ML,nv,9.99,750ml,https://shop.oceanwineandspirits.com/product/089419000207,89419000207,
LA VIEILLE FERME ROSE 750ML,nv,9.99,750ml,https://shop.oceanwineandspirits.com/product/089419000177,89419000177,
LAGIOIOSA PROSECCO 750ML,nv,11.99,750ml,https://shop.oceanwineandspirits.com/product/850651005110,8.50651E+11,
LAGUNA RUSSIAN RVER CHARDONNAY 750ML,nv,24.99,750ml,https://shop.oceanwineandspirits.com/product/085000017395,85000017395,
LAMARCA PROSECCO 375ML,nv,10.99,375ml,https://shop.oceanwineandspirits.com/product/85000031094,85000031094,
LAMARCA LUMINORE PROSECCO 750ML,nv,19.99,750ml,https://shop.oceanwineandspirits.com/product/085000027240,85000027240,
LAMARCA PROSECCO 750ML,nv,16.99,750ml,https://shop.oceanwineandspirits.com/product/085000017739,85000017739,
LAMARCA PROSECCO ROSE 750ML,nv,15.98,750ml,https://shop.oceanwineandspirits.com/product/85000032442,85000032442,
LAMARCA PROSECCO  187ML,nv,7.99,187ml,https://shop.oceanwineandspirits.com/product/085000022436,85000022436,
LAMOLE CHIANTI 2019 CLASSICO 750ML,2019,21.99,750ml,https://shop.oceanwineandspirits.com/product/632987200151,6.32987E+11,
LANGE OREGON PINOT NOIR 750ML,nv,22.99,750ml,https://shop.oceanwineandspirits.com/product/740814020008,7.40814E+11,
LANSON GREEN LABEL BRUT 750ML ORGANIC,nv,49.98,750ml,https://shop.oceanwineandspirits.com/product/692743073467,6.92743E+11,
LOUIS LATOUR MARSANNAY 750ML,nv,36.99,750ml,https://shop.oceanwineandspirits.com/product/026861142192,26861142192,
Latour Puligny Montrachet 750ML,nv,99.99,750ml,https://shop.oceanwineandspirits.com/product/10029,10029,
LATOUR VALMOISSINE PINOT NOIR 750ML,nv,25.99,750ml,https://shop.oceanwineandspirits.com/product/026861103018,26861103018,
LAUREL PRIORAT RED 750ML SPAIN-PRIORAT,nv,59.99,750ml,https://shop.oceanwineandspirits.com/product/SKU000002,SKU000002,
LAURENT-PERRIER CUVEE ROSE 750ML,nv,92.99,750ml,https://shop.oceanwineandspirits.com/product/084878830006,84878830006,
LAURENT PERRIER CUVEE BRUT  750ml,nv,67.99,750ml,https://shop.oceanwineandspirits.com/product/210000003635,2.1E+11,
LAURENT-PERRIER GRAND SIECLE 750ML NO 25  CS,nv,229.99,750ml,https://shop.oceanwineandspirits.com/product/210000003638,2.1E+11,
LAURENT-PERRIER ULTRA BRUT 750ML,nv,78.99,750ml,https://shop.oceanwineandspirits.com/product/084878167003,84878167003,
LAYA  2019 750ML SPAIN-ALMANSA 750ML,2019,9.99,750ml,https://shop.oceanwineandspirits.com/product/851115002225,8.51115E+11,
LAYER CAKE CHARDONNAY 750ML,nv,12.99,750ml,https://shop.oceanwineandspirits.com/product/896599002095,8.96599E+11,
LAYER CAKE MALBEC 750ml,nv,0,750ml,https://shop.oceanwineandspirits.com/product/896599002033,8.96599E+11,
LAYER CAKE SHIRAZ 750ML,nv,14.99,750ml,https://shop.oceanwineandspirits.com/product/896599002026,8.96599E+11,
LAYERCAKE CABERNET SAUVIGNON 750ML,nv,14.99,750ml,https://shop.oceanwineandspirits.com/product/896599002088,8.96599E+11,
LE DUE NOIR PINOT NOIR 750ML,nv,29.99,750ml,https://shop.oceanwineandspirits.com/product/854974007783,8.54974E+11,
LE PARADIS SANCERRE 750ML 2020,2020,27.99,750ml,https://shop.oceanwineandspirits.com/product/3466071000368,3.46607E+12,
LE RAGOSE AMARONE VALPOLICELLA 750ML ITALY 2009,2009,67.99,750ml,https://shop.oceanwineandspirits.com/product/748132104097,7.48132E+11,
L''ECOLE MERLOT COLUMBIA VALLEY 750ML,nv,22.99,750ml,https://shop.oceanwineandspirits.com/product/721354890030,7.21355E+11,
L''ECOLE SYRAH COLUMBIA VALLEY 750ML,nv,27.99,750ml,https://shop.oceanwineandspirits.com/product/721354200310,7.21354E+11,
LEGENDE LAFITE 750ML,nv,18.99,750ml,https://shop.oceanwineandspirits.com/product/722358027705,7.22358E+11,
LEMELSON PINOT NOIR 750ML,nv,28.99,750ml,https://shop.oceanwineandspirits.com/product/895315000056,8.95315E+11,
LEONETTI CELLARS RED BLEND 750ML,nv,179.99,750ml,https://shop.oceanwineandspirits.com/product/HT1203,HT1203,
LEVIATHAN RED WINE 750ML,nv,37.99,750ml,https://shop.oceanwineandspirits.com/product/853098005002,8.53098E+11,
"LEWIS CELLARS CABERNET SAUVIGNON, NAPA 2020 750ML CS",2020,129.99,750ml,https://shop.oceanwineandspirits.com/product/LEWISCELLARS,LEWISCELLARS,
LEWIS CELLARS CHARDONNAY RESVR 750ML,nv,74.99,750ml,https://shop.oceanwineandspirits.com/product/LEWISCELLARSCHARD,LEWISCELLARSCHARD,
LEWIS CABERNET SAUVIGNON 750ML,nv,74.99,750ml,https://shop.oceanwineandspirits.com/product/210000003671,2.1E+11,
LIGHT HORSE PINOT NOIR 750ML,nv,12.99,750ml,https://shop.oceanwineandspirits.com/product/858698002505,8.58698E+11,
LINE 39 CHARDONNAY 750ML CA,nv,9.99,750ml,https://shop.oceanwineandspirits.com/product/898756001156,8.98756E+11,
LIVIO FELLUGA PINOT GRIGIO 750ML,nv,32.99,750ml,https://shop.oceanwineandspirits.com/product/748789111103,7.48789E+11,
L.LATOUR BEAUJOLAIS VILLAGES 750ML FRANCE RED,nv,16.99,750ml,https://shop.oceanwineandspirits.com/product/026861100284,26861100284,
LOCATIONS CA ''CALIFORNIA'' 750ML,nv,20.99,750ml,https://shop.oceanwineandspirits.com/product/851645004058,8.51645E+11,
LOCATIONS E ''SPAIN'' 750ML SPAIN,nv,19.99,750ml,https://shop.oceanwineandspirits.com/product/851645004072,8.51645E+11,
LOCATIONS I ''ITALY'' 750ML ITALY,nv,19.99,750ml,https://shop.oceanwineandspirits.com/product/851645004027,8.51645E+11,
LOLAILO RED  SANGRIA 1.5L,nv,10.99,1.5L,https://shop.oceanwineandspirits.com/product/890582000495,8.90582E+11,
LOLAILO WHITE SANGRIA 1.5L,nv,13.99,1.5L,https://shop.oceanwineandspirits.com/product/890582000754,8.90582E+11,
LONG MEADOW PINOT NOIR 750ML,nv,0,750ml,https://shop.oceanwineandspirits.com/product/894591002358,8.94591E+11,
LOS DOS GARNACHA 750ML- BORJA - RED,nv,12.99,750ml,https://shop.oceanwineandspirits.com/product/098709085503,98709085503,
LOS VASCOS GR CABERNET SAUVIGNON 750ML,nv,20.99,750ml,https://shop.oceanwineandspirits.com/product/722358103508,7.22358E+11,
LOUIS JADOT BOURGOGNE PINOT NOIR  FRANCE 750ML,nv,19.99,750ml,https://shop.oceanwineandspirits.com/product/026861102974,26861102974,
LOUIS JADOT CHABLIS 750ML,nv,24.99,750ml,https://shop.oceanwineandspirits.com/product/084692433148,84692433148,
LOUIS JADOT MACON-VILLAGES CHARDONNAY  750ML,nv,15.99,750ml,https://shop.oceanwineandspirits.com/product/210000003708,2.1E+11,
LOUIS LATOUR BOURGOGNE CUVEE 750ML,nv,36.99,750ml,https://shop.oceanwineandspirits.com/product/026861100642,26861100642,
LOUIS MARTINI ALEXANDER C SAUV 750ML ALEXANDER VALLEY,nv,32.99,750ml,https://shop.oceanwineandspirits.com/product/085000013274,85000013274,
LOUIS MARTINI SONOMA CABERNET SAUVIGNON 750ML,nv,21.99,750ml,https://shop.oceanwineandspirits.com/product/085000011638,85000011638,
LOUIS ROEDERER BRUT COLLECTION 242 CHAMPAGNE 750ML,nv,57.99,750ml,https://shop.oceanwineandspirits.com/product/734599400056,7.34599E+11,
LOUIS ROEDERER BRUT ROSE 2015 750ML,2015,84.99,750ml,https://shop.oceanwineandspirits.com/product/734599034053,7.34599E+11,
LUC BELAIRE BLEU 750ML,nv,27.99,750ml,https://shop.oceanwineandspirits.com/product/813497007953,8.13497E+11,
LUC BELAIRE RARE LUXE CUVEE 750ML,nv,24.99,750ml,https://shop.oceanwineandspirits.com/product/813497005010,8.13497E+11,
LUC BELAIRE LUXE ROSE 750ML,nv,29.99,750ml,https://shop.oceanwineandspirits.com/product/813497004310,8.13497E+11,
LUC BELAIRE RARE ROSE 750ML,nv,24.99,750ml,https://shop.oceanwineandspirits.com/product/813497005904,8.13497E+11,
LUCA MALBEC 750ML,nv,34.99,750ml,https://shop.oceanwineandspirits.com/product/835603001082,8.35603E+11,
LUCA PARETTI PROSECCO 750ML,nv,13.99,750ml,https://shop.oceanwineandspirits.com/product/852529003761,8.52529E+11,
LUCANTO D''ABRUZZO 750ML ITALY,nv,14.99,750ml,https://shop.oceanwineandspirits.com/product/8032880340015,8.03288E+12,
LUIGI BOSCA MALBEC 2021 750ML,2021,17.99,750ml,https://shop.oceanwineandspirits.com/product/89744760500,89744760500,
LUSTAU AMONTILLADO LOS ARCOS SHERRY 750ML,nv,17.99,750ml,https://shop.oceanwineandspirits.com/product/097985276001,97985276001,
MAAL BIUTIFUL MALBEC 750ml,nv,19.99,750ml,https://shop.oceanwineandspirits.com/product/089419377125,89419377125,
MAAL IMPOSIBLE MALBEC 750ML,nv,25.99,750ml,https://shop.oceanwineandspirits.com/product/089419379112,89419379112,
MADEIRA BOSTON BUAL RESERVE 750ML PORTUGAL,nv,64.99,750ml,https://shop.oceanwineandspirits.com/product/828116000284,8.28116E+11,
MADEIRA NEW YORK MALMSEY 750ML PORTUGAL,nv,64.99,750ml,https://shop.oceanwineandspirits.com/product/828116000291,8.28116E+11,
MADEIRA SAVANNAH VERDELHO 750ML PORTUGAL,nv,64.99,750ml,https://shop.oceanwineandspirits.com/product/828116000635,8.28116E+11,
MAISON MARCEL 750ML,nv,13.99,750ml,https://shop.oceanwineandspirits.com/product/816136024649,8.16136E+11,
MAISON MARIE SANCERRE 750ML,nv,23.99,750ml,https://shop.oceanwineandspirits.com/product/6828633579670,6.82863E+12,
MAISON NICOLAS PINOT NOIR 750ML,nv,9.99,750ml,https://shop.oceanwineandspirits.com/product/083729006553,83729006553,
MALLEOLUS 2011 DE SANCHOMARTIN 750ML,2011,199.99,750ml,https://shop.oceanwineandspirits.com/product/663985002294,6.63985E+11,
MALLEOLUS 2020 TEMPRANILLO 750ML SPAIN-RIBERA DEL DUERO,2020,55.99,750ml,https://shop.oceanwineandspirits.com/product/663985002478,6.63985E+11,
MANISCHEWITZ CONCARD GRAPE 750ML,nv,6.99,750ml,https://shop.oceanwineandspirits.com/product/085976033931,85976033931,
MARCHESATO DEGLI ALERAMICI 750ML ITALY,nv,21.99,750ml,https://shop.oceanwineandspirits.com/product/802367910011,8.02368E+11,
MARIETTA CABERNET SAUVIGNON 750ML,nv,24.99,750ml,https://shop.oceanwineandspirits.com/product/746751000103,7.46751E+11,
MARIETTA CHRISTO 750ML,nv,21.99,750ml,https://shop.oceanwineandspirits.com/product/746751000110,7.46751E+11,
MARK WEST PINOT NOIR 750ML,nv,9.99,750ml,https://shop.oceanwineandspirits.com/product/851718000048,8.51718E+11,
MARKHAM MERLOT 750ML,nv,23.99,750ml,https://shop.oceanwineandspirits.com/product/085385000012,85385000012,
MARQUES DE RISCAL RED RESERVE 750ML SPAIN-RIOJA,nv,18.99,750ml,https://shop.oceanwineandspirits.com/product/088320003024,88320003024,
MARQUES DE CACERES 750ML SPAIN-RIOJA,nv,16.99,750ml,https://shop.oceanwineandspirits.com/product/089419000603,89419000603,
MARQUES DE CACERES 2017 RESERVA 750ML,2017,22.99,750ml,https://shop.oceanwineandspirits.com/product/089419087505,89419087505,
MARSANNAY LES LONGEROIES 2014 BORGOGNE 750ML,2014,79.99,750ml,https://shop.oceanwineandspirits.com/product/086891085050,86891085050,
MARTIN CODAX ALBARINO RIAS BAIXAS 750ML,nv,16.99,750ml,https://shop.oceanwineandspirits.com/product/085000015926,85000015926,
MARTINI & ROSSI PROSECCO 750ML,nv,13.99,750ml,https://shop.oceanwineandspirits.com/product/011034501005,11034501005,
MASI CAMPOFIORIN 2019 750ML,2019,19.99,750ml,https://shop.oceanwineandspirits.com/product/SKU000021,SKU000021,
MASI COSTASERA AMARONE 750ML,nv,59.98,750ml,https://shop.oceanwineandspirits.com/product/815132010076,8.15132E+11,
MASI MASIANCO PINOT GRIGIO 750ML,nv,13.99,750ml,https://shop.oceanwineandspirits.com/product/815132010052,8.15132E+11,
MASO CANALI TRENTINO 750ML ITALY,nv,17.99,750ml,https://shop.oceanwineandspirits.com/product/85000001974,85000001974,
MASO CANALI TRENTINO PINOT GRIGIO 750ML,nv,17.99,750ml,https://shop.oceanwineandspirits.com/product/085000016558,85000016558,
MASSOLINO BAROLO 750ML,nv,54.99,750ml,https://shop.oceanwineandspirits.com/product/089419004540,89419004540,
MASUT PINOT NOIR 750ML,nv,37.99,750ml,https://shop.oceanwineandspirits.com/product/858369002155,8.58369E+11,
MATTHEW FRITZ CABERNET SAUVIGNON 750ML 2017,2017,19.99,750ml,https://shop.oceanwineandspirits.com/product/692242006324,6.92242E+11,
MOET & CHANDON  ICE IMPERIAL ROSE CHAMPAGNE 750ML,nv,69.99,750ml,https://shop.oceanwineandspirits.com/product/081753828004,81753828004,
MOET & CHANDON IMPERIAL BRUT ROSE CHAMPAGNE 750ML,nv,59.99,750ml,https://shop.oceanwineandspirits.com/product/081753841683,81753841683,
MOET & CHANDON CHAMPAGNE DEMI SEC NECTAR IMPERIAL 750ML,nv,59.99,750ml,https://shop.oceanwineandspirits.com/product/088110551254,88110551254,
MOET & CHANDON CHAMPAGNE DEMI SEC ROSE NECTAR IMPERIAL 750ML,nv,54.99,750ml,https://shop.oceanwineandspirits.com/product/088076161658,88076161658,
McGUIGAN SHIRAZ 750ML,nv,10.99,750ml,https://shop.oceanwineandspirits.com/product/086785131023,86785131023,
MCMANIS PETITE SIRAH 750ML,nv,11.99,750ml,https://shop.oceanwineandspirits.com/product/670580008170,6.7058E+11,
M&D INKBLOT CABERNET FRANC 750ML,nv,31.99,750ml,https://shop.oceanwineandspirits.com/product/652935100326,6.52935E+11,
M&D LUST ZINFANDEL 750ML,nv,49.99,750ml,https://shop.oceanwineandspirits.com/product/652935100180,6.52935E+11,
M&D RAGE ZINFANDEL 750ML,nv,52.99,750ml,https://shop.oceanwineandspirits.com/product/652935100357,6.52935E+11,
M&D RAPTURE CABERNET SAUVIGON 750ML,nv,52.99,750ml,https://shop.oceanwineandspirits.com/product/652935100197,6.52935E+11,
M&D SLOTH ZINFANDEL 750ML,nv,49.99,750ml,https://shop.oceanwineandspirits.com/product/652935100272,6.52935E+11,
M.DAVID FREAKSHOW CHARDONNAY 750ML,nv,15.99,750ml,https://shop.oceanwineandspirits.com/product/652935100531,6.52935E+11,
MICHAEL DAVID FREAKSHOW ZINFANDEL 750ML,nv,15.99,750ml,https://shop.oceanwineandspirits.com/product/652935100500,6.52935E+11,
MEIOMI CHARDONNAY 750ML,nv,16.99,750ml,https://shop.oceanwineandspirits.com/product/855165005779,8.55165E+11,
MEIOMI PINOT NOIR 750ML,nv,19.99,750ml,https://shop.oceanwineandspirits.com/product/855165005076,8.55165E+11,
MELBURY NAPA RED 750ML,nv,499.99,750ml,https://shop.oceanwineandspirits.com/product/HT1200,HT1200,
MENAGE A TROIS  PROCECCO 750ML,nv,9.99,750ml,https://shop.oceanwineandspirits.com/product/099988071300,99988071300,
MENAGE A TROIS MIDNIGHT 750ML,nv,0,750ml,https://shop.oceanwineandspirits.com/product/099988071294,99988071294,
MENAGE A TROIS PINOT GRIGIO 750ML,nv,11.99,750ml,https://shop.oceanwineandspirits.com/product/099988071164,99988071164,
MENAGE A TROIS RED BLEND 750ML,nv,11.99,750ml,https://shop.oceanwineandspirits.com/product/099988071096,99988071096,
MENAGE CABERNET SAUVIGNON 750ML,nv,11.97,750ml,https://shop.oceanwineandspirits.com/product/099988071140,99988071140,
MENAGE PINOT NOIR 750ML,nv,13.99,750ml,https://shop.oceanwineandspirits.com/product/099988071171,99988071171,
MER SOLEIL SANTA LUCIA P.NOIR 750ML,nv,29.97,750ml,https://shop.oceanwineandspirits.com/product/710909740104,7.1091E+11,
MER SOLEIL SILVER CHARDONNAY 750ML,nv,14.99,750ml,https://shop.oceanwineandspirits.com/product/710909720106,7.1091E+11,
MERRY EDWARDS RUSSIAN RIVER PINOT NOIR 750ML,nv,69.99,750ml,https://shop.oceanwineandspirits.com/product/860003017517,8.60003E+11,
METTLER CABERNET SAUVIGNON 750ML,nv,22.99,750ml,https://shop.oceanwineandspirits.com/product/055555000111,55555000111,
METTLER ZINFANDEL 750ML,nv,26.99,750ml,https://shop.oceanwineandspirits.com/product/055555000142,55555000142,
MEURSAULT 2017 750ML FRANCE BENJAMIN LEROUX,2017,91.99,750ml,https://shop.oceanwineandspirits.com/product/3554770100332,3.55477E+12,
MEZZACORONA PINOT GRIGIO 750ML,nv,11.99,750ml,https://shop.oceanwineandspirits.com/product/087241881063,87241881063,
MIA DOLCEA MOSCATO 750ml ITALY SPARKLING,nv,13.99,750ml,https://shop.oceanwineandspirits.com/product/085000020487,85000020487,
MICHELE CHIARLO NIVOLE MOSCATO 375ML,nv,11.99,375ml,https://shop.oceanwineandspirits.com/product/084692428458,84692428458,
MIGRATION PINOT NOIR SONOMA 2019 750ML,2019,37.99,750ml,https://shop.oceanwineandspirits.com/product/669576018897,6.69576E+11,
MINER CHARDONNAY 750ML,nv,37.99,750ml,https://shop.oceanwineandspirits.com/product/856095000018,8.56095E+11,
MINUTY ROSE 1.5L,nv,49.99,1.5L,https://shop.oceanwineandspirits.com/product/852165006690,8.52165E+11,
MINUTY ROSE 750ML,nv,19.99,750ml,https://shop.oceanwineandspirits.com/product/852165006553,8.52165E+11,
MINUTY ROSE ET OR 750ML,nv,34.99,750ml,https://shop.oceanwineandspirits.com/product/852165006645,8.52165E+11,
MIONETTO ORGANIC PROSECCO 750ML ORGANIC,nv,13.99,750ml,https://shop.oceanwineandspirits.com/product/727760502031,7.27761E+11,
MIONETTO PRESTIGE ROSE 750ML,nv,14.99,750ml,https://shop.oceanwineandspirits.com/product/816253012406,8.16253E+11,
MIONETTO PRESTIGE BRUT 750ML,nv,13.99,750ml,https://shop.oceanwineandspirits.com/product/727760501638,7.27761E+11,
MIRASSOU PINOT NOIR 750ML,nv,11.99,750ml,https://shop.oceanwineandspirits.com/product/85000012277,85000012277,
MIRAVAL ROSE PROVENCE 750ML,nv,18.99,750ml,https://shop.oceanwineandspirits.com/product/89419235111,89419235111,
MIRAVAL ROSE 1.5L,nv,54.99,1.5L,https://shop.oceanwineandspirits.com/product/089419240115,89419240115,
MISSION ST VINCENT S BLANC 750ML FRANCE,nv,8.99,750ml,https://shop.oceanwineandspirits.com/product/3423290178780,3.42329E+12,
MOCKINGBIRD 2018 750ML CS,2018,240,750ml,https://shop.oceanwineandspirits.com/product/MOCKINGBIRD,MOCKINGBIRD,
MOET & CHANDON BRUT IMPERIAL (W/GIFTBOX) 750ML,nv,49.99,750ml,https://shop.oceanwineandspirits.com/product/210000004005,2.1E+11,
MOET & CHANDON BRUT 1.5L CS,nv,149.99,1.5L,https://shop.oceanwineandspirits.com/product/088076169432,88076169432,
MOET BRUT  IMPERIAL 187ML,nv,16.99,187ml,https://shop.oceanwineandspirits.com/product/088110551025,88110551025,
MOET & CHANDON ICE IMPERIAL 750ML,nv,59.99,750ml,https://shop.oceanwineandspirits.com/product/081753818029,81753818029,
MOET&CHANDON BRUT GRAND VINTAGE 750ML 2023,2023,62.98,750ml,https://shop.oceanwineandspirits.com/product/088110556051,88110556051,
MOET&CHANDON NECTAR ROSE 187ML 187ML,nv,21.99,187ml,https://shop.oceanwineandspirits.com/product/081753816766,81753816766,
MOLLY DOOKER BLUE EYED BOY 750ML SHIRAZ,nv,62.99,750ml,https://shop.oceanwineandspirits.com/product/9336975000303,9.33698E+12,
MOLLY DOOKER BOXER SHIRAZ 750ML,nv,29.99,750ml,https://shop.oceanwineandspirits.com/product/9336975000051,9.33698E+12,
MOLLY DOOKER CABERNET SAUVIGNON 750ML,nv,34.99,750ml,https://shop.oceanwineandspirits.com/product/9336975000433,9.33698E+12,
MONTE BERNARDI CHIANTI,nv,26.99,750ml,https://shop.oceanwineandspirits.com/product/8032986320331,8.03299E+12,
MONTE BERNARDI ROSSO 2013 750ML ITALY,2013,29.99,750ml,https://shop.oceanwineandspirits.com/product/8032986320324,8.03299E+12,
MONTES CABERNET SAUVIGNON 750ML,nv,13.99,750ml,https://shop.oceanwineandspirits.com/product/715126000017,7.15126E+11,
MONTES CARMENERE 750ML,nv,16.99,750ml,https://shop.oceanwineandspirits.com/product/715126900379,7.15127E+11,
MONTES MALBEC 750ML,nv,13.99,750ml,https://shop.oceanwineandspirits.com/product/715126400022,7.15126E+11,
MORELLINO SCANSANO 750ML ITALY-TUSCANY,nv,19.99,750ml,https://shop.oceanwineandspirits.com/product/8033406111614,8.03341E+12,
MOREY-SAINT-DENIS 2019 BORGOGNE 750ML,2019,59.99,750ml,https://shop.oceanwineandspirits.com/product/MOREY 2019,MOREY 2019,
MOSCATO GIALLO 750ML,nv,13.99,750ml,https://shop.oceanwineandspirits.com/product/892019001051,8.92019E+11,
MOUNT PEAK GRAVITY 750ML,nv,42.99,750ml,https://shop.oceanwineandspirits.com/product/085000024607,85000024607,
MOUNT PEAK RATTLESNAKE ZINFNDL 750ML,nv,41.99,750ml,https://shop.oceanwineandspirits.com/product/85000024591,85000024591,
MOUNT PEAK SENTINEL CABERNET SAUVIGNON SONOMA NAPA 750ML,nv,69.99,750ml,https://shop.oceanwineandspirits.com/product/085000024614,85000024614,
MT TABOR CHARDONNAY 750ML KOSHER ISRAEL,nv,18.99,750ml,https://shop.oceanwineandspirits.com/product/087752015995,87752015995,
MOUNT VEEDER WINERY CABERNET SAUVIGNON 750ML,nv,64.99,750ml,https://shop.oceanwineandspirits.com/product/083085230074,83085230074,
MUGA RESERVE RIOJA 750ML SPAIN,nv,33.99,750ml,https://shop.oceanwineandspirits.com/product/615503100104,6.15503E+11,
MUGA SELECTION ESPECIAL SPAIN-RIOJA 750ML,nv,39.99,750ml,https://shop.oceanwineandspirits.com/product/615503150093,6.15503E+11,
MULLAN ROAD CELLARS 750ML,nv,0,750ml,https://shop.oceanwineandspirits.com/product/084692614899,84692614899,
"MUMM NAPA CUVEE ""M"" 750ML",nv,19.99,750ml,https://shop.oceanwineandspirits.com/product/852832000310,8.52832E+11,
MUMM NAPA BRUT PRESTIGE 750ML,nv,19.99,750ml,https://shop.oceanwineandspirits.com/product/852832000150,8.52832E+11,
MUMM NAPA SPARKLING ROSE 750ML,nv,19.99,750ml,https://shop.oceanwineandspirits.com/product/852832000174,8.52832E+11,
MURANO PINOT GRIGIO 750ML,nv,9.99,750ml,https://shop.oceanwineandspirits.com/product/817160003969,8.1716E+11,
MY FAVORITE NEIGHBOR CABERNET SAUVIGNON 750ML,nv,54.99,750ml,https://shop.oceanwineandspirits.com/product/867506000404,8.67506E+11,
NAPA NOOK RED BLEND 750ML 2018,2018,86.99,750ml,https://shop.oceanwineandspirits.com/product/636595218751,6.36595E+11,
NAUTILIFE ROSE 750ML,nv,7.99,750ml,https://shop.oceanwineandspirits.com/product/860002216706,8.60002E+11,
NEWTON NAPA CHARDONNAY 750ML,nv,49.99,750ml,https://shop.oceanwineandspirits.com/product/081753801823,81753801823,
NEWTON SKYSIDE CHARDONNAY 750ML 2018,2018,21.99,750ml,https://shop.oceanwineandspirits.com/product/081753801809,81753801809,
NEWTON UNFILTER CABERNET  SAUVIGNON 750ML,nv,59.99,750ml,https://shop.oceanwineandspirits.com/product/081753801403,81753801403,
NICKEL & NICKEL HARRIS MERLOT 750ML,nv,0,750ml,https://shop.oceanwineandspirits.com/product/686014000313,6.86014E+11,
NICKEL & NICKEL STATE RANCH CABERNET SAUVIGNON 750ML,nv,97.99,750ml,https://shop.oceanwineandspirits.com/product/686014000641,6.86014E+11,
NICOLAS CABERNET SAUVIGNON 750ML,nv,10.99,750ml,https://shop.oceanwineandspirits.com/product/083729006652,83729006652,
NICOLAS FEUILLATTE ROSE 750ML,nv,59.99,750ml,https://shop.oceanwineandspirits.com/product/088586003998,88586003998,
NINER PINOT NOIR 750ML,nv,37.99,750ml,https://shop.oceanwineandspirits.com/product/850461001241,8.50461E+11,
NORTH BY NW 750ML,nv,14.99,750ml,https://shop.oceanwineandspirits.com/product/768675118429,7.68675E+11,
NORTON BARREL SELECT MALBEC 750ML,nv,14.99,750ml,https://shop.oceanwineandspirits.com/product/875238000159,8.75238E+11,
NORTON RESERVE MALBEC 750ML,nv,15.99,750ml,https://shop.oceanwineandspirits.com/product/717888791127,7.17889E+11,
NOTEBOOK RED BLEND 750ML,nv,17.99,750ml,https://shop.oceanwineandspirits.com/product/080960330027,80960330027,
NOTORIOUS PINK ROSE 750ML,nv,17.99,750ml,https://shop.oceanwineandspirits.com/product/736040000273,7.3604E+11,
NUMANTHIA NUMANTHIA 750ML-2015 SPAIN,2015,39.99,750ml,https://shop.oceanwineandspirits.com/product/081753814090,81753814090,
OBERON CABERNET SAUVIGNON 750ML,nv,24.99,750ml,https://shop.oceanwineandspirits.com/product/877397000407,8.77397E+11,
OLD GHOST ZINFANDEL 750ML,nv,44.99,750ml,https://shop.oceanwineandspirits.com/product/853739000045,8.53739E+11,
OLIANAS VERMENTINO 750ML ITALY,nv,19.99,750ml,https://shop.oceanwineandspirits.com/product/8033140583050,8.03314E+12,
OPUS ONE 2014 750ML,2014,309.99,750ml,https://shop.oceanwineandspirits.com/product/753604062140,7.53604E+11,
OPUS ONE 2015 750ML,2015,367.99,750ml,https://shop.oceanwineandspirits.com/product/OPUS2015,OPUS2015,
OPUS ONE 2016 750ML,2016,379.99,750ml,https://shop.oceanwineandspirits.com/product/OPUS2016,OPUS2016,
OPUS OVERTURE MULTI-VINTAGE 750ML,nv,179.99,750ml,https://shop.oceanwineandspirits.com/product/OVERTURE,OVERTURE,
OPUS ONE RED WINE 2015 1.5 LITER CS,2015,999.99,750ml,https://shop.oceanwineandspirits.com/product/753604063154,7.53604E+11,
OPUS1 2012 750ML,2012,279.99,750ml,https://shop.oceanwineandspirits.com/product/753604062126,7.53604E+11,
ORIN SWIFT ABSTRACT RED 750ML,nv,37.99,750ml,https://shop.oceanwineandspirits.com/product/210000004275,2.1E+11,
ORIN SWIFT MACHETE RED BLEND 750ML,nv,59.99,750ml,https://shop.oceanwineandspirits.com/product/1154,1154,
ORIN SWIFT MERCURY HEAD CABERNET SAUVIGNON 750ML,nv,167.99,750ml,https://shop.oceanwineandspirits.com/product/00,0,
ORIN SWIFT PALERMO CABERNET SAUVIGNON 750ML,nv,64.99,750ml,https://shop.oceanwineandspirits.com/product/210000004278,2.1E+11,
ORIN SWIFT PAPILLON RED BLEND 750ML,nv,83.99,750ml,https://shop.oceanwineandspirits.com/product/PAPILLON,PAPILLON,
ORIN SWIFT SLANDER PINOT NOIR 750ML,nv,54.99,750ml,https://shop.oceanwineandspirits.com/product/SLANDER,SLANDER,
ORIN SWIFT MANNEQUIN CHARDONNAY 750ML,nv,33.99,750ml,https://shop.oceanwineandspirits.com/product/000000,0,
OTHERS GRENACHE 750ML FRANCE,nv,29.99,750ml,https://shop.oceanwineandspirits.com/product/OTHERS,OTHERS,
MARIETTA OVR LOT 74 RED BLEND 750ML,nv,16.99,750ml,https://shop.oceanwineandspirits.com/product/746751687137,7.46752E+11,
OYSTER BAY CHARDONNAY 750ML,nv,13.99,750ml,https://shop.oceanwineandspirits.com/product/870661008017,8.70661E+11,
OYSTER BAY PINOT GRIS 750ML,nv,14.99,750ml,https://shop.oceanwineandspirits.com/product/870661008161,8.70661E+11,
OYSTER BAY PINOT NOIR 750ML,nv,14.99,750ml,https://shop.oceanwineandspirits.com/product/870661008093,8.70661E+11,
PACO & LOLA  ALBARINO 750ML,nv,19.97,750ml,https://shop.oceanwineandspirits.com/product/012086008252,12086008252,
PAHLMEYER CHARDONNAY 750ML  CS,nv,114.99,750ml,https://shop.oceanwineandspirits.com/product/PAHLMEYERCH,PAHLMEYERCH,
PAHLMEYER RED BLEND 750ml,nv,189.98,750ml,https://shop.oceanwineandspirits.com/product/1227,1227,
ALLEGRINI PALAZZO DELLE TORRE 750ML,nv,18.99,750ml,https://shop.oceanwineandspirits.com/product/210000004310,2.1E+11,
PALLADIO CHIANTI 750ML ITALY,nv,12.99,750ml,https://shop.oceanwineandspirits.com/product/098709085350,98709085350,
PALMER BRUT ROSE 750ML,nv,79.99,750ml,https://shop.oceanwineandspirits.com/product/082100851010,82100851010,
PALMES D'OR CHAMPAGNE BRUT 750ML. CS,nv,149.99,750ml,https://shop.oceanwineandspirits.com/product/3282946105286,3.28295E+12,
PARADUXX RED BLEND 750ML 2019,2019,59.99,750ml,https://shop.oceanwineandspirits.com/product/669576018682,6.69576E+11,
PARDUCCI CABERNET SAUVIGNON 750ML,nv,14.99,750ml,https://shop.oceanwineandspirits.com/product/086828000170,86828000170,
PARDUCCI CHARDONNAY 750ML,nv,12.99,750ml,https://shop.oceanwineandspirits.com/product/086828000033,86828000033,
PARDUCCI PINOT NOIR 750ML,nv,12.99,750ml,https://shop.oceanwineandspirits.com/product/086828000255,86828000255,
PASCAL JOLIVET SANCERRE FRANCE WHITE 750ML,nv,44.99,750ml,https://shop.oceanwineandspirits.com/product/089744410511,89744410511,
PATZ & HALL PINOT NOIR  CHENOWETH RANCH RRV 2017 750ML,2017,62.99,750ml,https://shop.oceanwineandspirits.com/product/791202097058,7.91202E+11,
PAUL HOBBS CABERNET SAUVIGNON 750ML VINTAGE 2020,2020,125.99,750ml,https://shop.oceanwineandspirits.com/product/210000004372,2.1E+11,
P.BOUCHARD COTES DU RHONE 750ML FRANCE,nv,11.99,750ml,https://shop.oceanwineandspirits.com/product/040000640561,40000640561,
PEIRANO CHARDONNAY 750ML,nv,7.99,750ml,https://shop.oceanwineandspirits.com/product/796238013010,7.96238E+11,
PEJU CABERNET SAUVIGNON 750ML 2019,2019,52.99,750ml,https://shop.oceanwineandspirits.com/product/687194000414,6.87194E+11,
PEJU MERLOT 750ML,nv,25.99,750ml,https://shop.oceanwineandspirits.com/product/687194001114,6.87194E+11,
PENCE RANCH PINOT NOIR 750ML,nv,23.99,750ml,https://shop.oceanwineandspirits.com/product/PENCE2,PENCE2,
PENFOLDS BIN 24 SHIRAZ 750ML,nv,34.99,750ml,https://shop.oceanwineandspirits.com/product/012354071834,12354071834,
PENFOLDS BIN 600 CAB SHIRAZ 750ML 2019,2019,0,750ml,https://shop.oceanwineandspirits.com/product/012354005877,12354005877,
PENFOLDS GRANDFATHER TAWY 750ML,nv,99.99,750ml,https://shop.oceanwineandspirits.com/product/012354071544,12354071544,
PENFOLDS TAWNY 750ML,nv,15.99,750ml,https://shop.oceanwineandspirits.com/product/012354071551,12354071551,
PENINSOLA ZERO BRUT 750ML,nv,17.99,750ml,https://shop.oceanwineandspirits.com/product/811614031164,8.11614E+11,
PENINSOLA ZERO ROSE 750ML,nv,17.99,750ml,https://shop.oceanwineandspirits.com/product/811614031195,8.11614E+11,
ANTINORI PEPPOLI CHIANTI CLASSICO 750ML,nv,21.99,750ml,https://shop.oceanwineandspirits.com/product/810147310203,8.10147E+11,
PERRIER JOUET BELLE EPOQUE ROSE 750ML 2013 (No Box) CS,2013,359.99,750ml,https://shop.oceanwineandspirits.com/product/3113880215024,3.11388E+12,
PERRIER JOUET BELLE EPOQUE  2012 1.5L CS,2012,499.99,1.5L,https://shop.oceanwineandspirits.com/product/852832105190,8.52832E+11,
PERRIER JOUET BELL EPOQUE ROSE 2010 1.5L CS,2010,899.99,1.5L,https://shop.oceanwineandspirits.com/product/852832105268,8.52832E+11,
PERRIER-JOUET BELLE EPOQUE 750ML CS,nv,244.99,750ml,https://shop.oceanwineandspirits.com/product/852832105220,8.52832E+11,
PERRIER-JOUET BLANSON ROSE 750ML,nv,79.99,750ml,https://shop.oceanwineandspirits.com/product/210000004413,2.1E+11,
PERRIER JOUET GRAND BRUT CHAMPAGNE 750ML,nv,49.99,750ml,https://shop.oceanwineandspirits.com/product/0852832105053,8.52832E+11,
PERRIN COTES DU RHONE BLANC RSV 750ML,nv,12.99,750ml,https://shop.oceanwineandspirits.com/product/089419016956,89419016956,
PERRIN COTES DU RHONE RES RED 750ML,nv,11.99,750ml,https://shop.oceanwineandspirits.com/product/089419015942,89419015942,
PERRO CALLEJERO BLEND D MALBEC 750ML,nv,17.99,750ml,https://shop.oceanwineandspirits.com/product/818819010123,8.18819E+11,
MDW PETITE PETIT SIRAH 750ML,nv,14.99,750ml,https://shop.oceanwineandspirits.com/product/652935100210,6.52935E+11,
PIANTAFERRO PRIMITIVO 750ML ITALY,nv,15.99,750ml,https://shop.oceanwineandspirits.com/product/210000004421,2.1E+11,
PIEROPAN SOAVE 750ML,nv,19.99,750ml,https://shop.oceanwineandspirits.com/product/657875000019,6.57875E+11,
PIGHIN PINOT GRIGIO 750ML,nv,13.98,750ml,https://shop.oceanwineandspirits.com/product/84692460847,84692460847,
PINE RIDGE CABERNET SAUVIGNON 750ML,nv,49.99,750ml,https://shop.oceanwineandspirits.com/product/000579000555,579000555,
PINE RIDGE CHENIN BLANC 750ML,nv,12.99,750ml,https://shop.oceanwineandspirits.com/product/000579000098,579000098,
PIO CESARI BAROLO 750ML ITALY,nv,74.99,750ml,https://shop.oceanwineandspirits.com/product/086891023670,86891023670,
PIPER-HEIDSIECK 750ML,nv,57.99,750ml,https://shop.oceanwineandspirits.com/product/667505000463,6.67505E+11,
PIPER SONOMA BRUT 750ML,nv,19.98,750ml,https://shop.oceanwineandspirits.com/product/877397005266,8.77397E+11,
PIPER SONOMA BRUT ROSE 750ML,nv,19.99,750ml,https://shop.oceanwineandspirits.com/product/087236010010,87236010010,
POGGIO DELL'' AQUILA  BRUNELLO 750ML DI MONTALCINO(] ITALY,nv,56.99,750ml,https://shop.oceanwineandspirits.com/product/716146128002,7.16146E+11,
POMERCHATEAU HERMITAGE POMEROL 750ML FRANCE,nv,39.99,750ml,https://shop.oceanwineandspirits.com/product/607921012626,6.07921E+11,
POMMERY BRUT CHAMPAGNE 750ML,nv,41.98,750ml,https://shop.oceanwineandspirits.com/product/694190002847,6.9419E+11,
POSTMARK PASO  ROBLES CABERNET SAUVIGNON 750ML,nv,26.98,750ml,https://shop.oceanwineandspirits.com/product/669576030158,6.69576E+11,
PRIEST RANCH CABERNET SAUVIGNON 750ML,nv,39.99,750ml,https://shop.oceanwineandspirits.com/product/856976005002,8.56976E+11,
PRIEST RANCH GRENACHE BLANC 750ML,nv,29.99,750ml,https://shop.oceanwineandspirits.com/product/856976005064,8.56976E+11,
PRIMATERRA PINOT GRIGIO 750ML,nv,11.99,750ml,https://shop.oceanwineandspirits.com/product/839543001218,8.39543E+11,
PRIMUS BLEND 12 750ML,nv,21.99,750ml,https://shop.oceanwineandspirits.com/product/083085612399,83085612399,
PRIMUS CABERNET SAUVIGNON 750ML,nv,15.99,750ml,https://shop.oceanwineandspirits.com/product/892447002057,8.92447E+11,
PRISONER PINOT NOIR 750ML,nv,47.99,750ml,https://shop.oceanwineandspirits.com/product/86003255203,86003255203,
PROSECCO DOLCE VITA 750ML,nv,9.99,750ml,https://shop.oceanwineandspirits.com/product/019988003101,19988003101,
PRUNOTTO BARBARESCO 750ML,nv,46.99,750ml,https://shop.oceanwineandspirits.com/product/810147311279,8.10147E+11,
PSI - RIBERA DEL DUERO 750ML SPAIN,nv,39.99,750ml,https://shop.oceanwineandspirits.com/product/8437011601926,8.43701E+12,
PULIGNY MONTRACHET CHARDONNAY 750ML,nv,151.99,750ml,https://shop.oceanwineandspirits.com/product/PULIGNYMONTRACHET,PULIGNYMONTRACHET,
PURE MALBEC by PECH DE JAMMES 750ML FRANCE-CAHORS,nv,0,750ml,https://shop.oceanwineandspirits.com/product/648977162422,6.48977E+11,
QUERCIABELLA CHIANTI CLASSICO 750ML ITALY-CHIANTI TOSCANA,nv,26.99,750ml,https://shop.oceanwineandspirits.com/product/8031481003183,8.03148E+12,
QUILT CABERNET SAUVIGNON RSV 2017 750ML,2017,89.99,750ml,https://shop.oceanwineandspirits.com/product/859889006111,8.59889E+11,
QUILT CABERNET SAUVIGNON 750ML,nv,39.99,750ml,https://shop.oceanwineandspirits.com/product/859889006005,8.59889E+11,
QUILT CHARDONNAY 750ML,nv,39.98,750ml,https://shop.oceanwineandspirits.com/product/859889006210,8.59889E+11,
QUILT RED BLEND 750ML,nv,25.99,750ml,https://shop.oceanwineandspirits.com/product/859889006302,8.59889E+11,
QUINN ROSE 750ML,nv,19.99,750ml,https://shop.oceanwineandspirits.com/product/QUINNROSE,QUINNROSE,
QUINTESSA RED BLEND 750ML CS,nv,217.99,750ml,https://shop.oceanwineandspirits.com/product/083085001025,83085001025,
RACECAR RED BLEND 750ML 2019 NAPA,2019,50.99,750ml,https://shop.oceanwineandspirits.com/product/RACECARRED,RACECARRED,
RAMEY 2014 CABERNET SAUVIGNON 750ML,2014,54.99,750ml,https://shop.oceanwineandspirits.com/product/185983000107,1.85983E+11,
RAMEY NAPA CABERNET SAUVIGNON 750ML,nv,57.99,750ml,https://shop.oceanwineandspirits.com/product/1443,1443,
RAMEY PLATT CHARDONNAY 750ML,nv,69.99,750ml,https://shop.oceanwineandspirits.com/product/1449,1449,
RATTI BAROLO MARCENASCO 750ML ITALY,nv,54.99,750ml,https://shop.oceanwineandspirits.com/product/811882005157,8.11882E+11,
RAVENSWOOD LODI ZINFANDEL 750ML,nv,0,750ml,https://shop.oceanwineandspirits.com/product/715826102967,7.15826E+11,
RAVENSWOOD OLD VINE ZINFANDEL 750ML,nv,0,750ml,https://shop.oceanwineandspirits.com/product/715826101908,7.15826E+11,
REALM CABERNET SAUVIGNON 3L,nv,1999.99,3L,https://shop.oceanwineandspirits.com/product/REALM,REALM,
REALM TEMPEST 750ML,nv,199.99,750ml,https://shop.oceanwineandspirits.com/product/987,987,
REALM THE BARD RED 2015 750ML,2015,169.97,750ml,https://shop.oceanwineandspirits.com/product/SKU951357,SKU951357,
RED HEADS MOHAWK CABERNET SAUVIGNON 750ML,nv,9.99,750ml,https://shop.oceanwineandspirits.com/product/MOHAWKCAB,MOHAWKCAB,
RED SCHOONER MALBEC 750ML,nv,27.99,750ml,https://shop.oceanwineandspirits.com/product/017224770107,17224770107,
RED SCHOONER TRANSIT NO2 750ML,nv,44.99,750ml,https://shop.oceanwineandspirits.com/product/017224770114,17224770114,
REGALEALI NERO D'' AVOLA 750ML- SICILIA- ROSSO,nv,12.99,750ml,https://shop.oceanwineandspirits.com/product/098709274907,98709274907,
RELAX PINOT GRIGIO 750ML,nv,9.97,750ml,https://shop.oceanwineandspirits.com/product/088474007954,88474007954,
RATTI BARBERA  D''ASTI 750ML ITALY,nv,19.99,750ml,https://shop.oceanwineandspirits.com/product/811882009117,8.11882E+11,
RESONANCE PINOT NOIR 750ML,nv,34.99,750ml,https://shop.oceanwineandspirits.com/product/084692617647,84692617647,
RIDGE GEYSERVILLE 750ML,nv,0,750ml,https://shop.oceanwineandspirits.com/product/744442301003,7.44442E+11,
RIDGE LYTTON SPRINGS 750ML,nv,39.99,750ml,https://shop.oceanwineandspirits.com/product/744442901005,7.44443E+11,
RIDGE PONZO ZINFANDEL 750ML,nv,29.99,750ml,https://shop.oceanwineandspirits.com/product/744442839001,7.44443E+11,
RIDGE THREE VALLEYS ZINFANDEL 750ML,nv,29.99,750ml,https://shop.oceanwineandspirits.com/product/744442081004,7.44442E+11,
RIGHETTI AMARONE CAPITEL ROARI  750ML,nv,37.99,750ml,https://shop.oceanwineandspirits.com/product/639754000075,6.39754E+11,
RIO MADRE RIOJA 750ML SPAIN,nv,9.99,750ml,https://shop.oceanwineandspirits.com/product/8437009257104,8.43701E+12,
ROBERT MONDAVI EMBLEM CABERNET SAUVIGNON 750ML,nv,29.99,750ml,https://shop.oceanwineandspirits.com/product/877397001145,8.77397E+11,
ROAR PINOT NOIR 750ML,nv,52.99,750ml,https://shop.oceanwineandspirits.com/product/ROAR1,ROAR1,
ROBERT MONDAVI CHARDONNAY 375ML,nv,4.99,375ml,https://shop.oceanwineandspirits.com/product/086003002494,86003002494,
ROBERT MONDAVI CHARDONNAY 750ML,nv,9.99,750ml,https://shop.oceanwineandspirits.com/product/086003461925,86003461925,
ROBERT MONDAVI MAESTRO 750ML,nv,59.99,750ml,https://shop.oceanwineandspirits.com/product/083085220266,83085220266,
ROBERT MONDAVI MERLOT 750ML,nv,9.99,750ml,https://shop.oceanwineandspirits.com/product/086003000421,86003000421,
ROBERT MONDAVI PINOT GRIGIO 750ML,nv,8.97,750ml,https://shop.oceanwineandspirits.com/product/086003002692,86003002692,
ROBERT MONDAVI PINOT NOIR PRIVATE RESERVE  750ML,nv,8.98,750ml,https://shop.oceanwineandspirits.com/product/086003091931,86003091931,
ROBERT MONDAVI  PRIVATE RESERVE CABERNET SAUVIGNON 750ML,nv,9.99,750ml,https://shop.oceanwineandspirits.com/product/086003061910,86003061910,
ROCCA SOAVE 750ML ITALY,nv,9.99,750ml,https://shop.oceanwineandspirits.com/product/727760501102,7.27761E+11,
ROCK ANGEL ROSE 750ML,nv,29.99,750ml,https://shop.oceanwineandspirits.com/product/081753833787,81753833787,
RODNEY STRONG SONOMA CABERNET SAUVIGNON 750ML,nv,16.99,750ml,https://shop.oceanwineandspirits.com/product/087512912359,87512912359,
RODNEY STRONG PINOT NOIR 750ML,nv,19.98,750ml,https://shop.oceanwineandspirits.com/product/087512927957,87512927957,
RODNEY STRONG PINOT NOIR 750ML- RUSSIAN RIVER VALLEY,nv,12.99,750ml,https://shop.oceanwineandspirits.com/product/210000004657,2.1E+11,
LOUIS ROEDERER CRISTAL 2014 750ML (NO BOX) CS,2014,299.99,750ml,https://shop.oceanwineandspirits.com/product/210000004658,2.1E+11,
ROEDERER ESTATE BRUT 750ML,nv,29.99,750ml,https://shop.oceanwineandspirits.com/product/097546102008,97546102008,
ROEDERER ESTATE BRUT ROSE 750ML,nv,31.99,750ml,https://shop.oceanwineandspirits.com/product/097546182000,97546182000,
ROMBAUER CHARDONNAY 750ML,nv,39.99,750ml,https://shop.oceanwineandspirits.com/product/97921970109,97921970109,
ROMBAUER MERLOT 750ML,nv,0,750ml,https://shop.oceanwineandspirits.com/product/097921871307,97921871307,
ROMBAUER ZINFANDEL 750ML,nv,36.99,750ml,https://shop.oceanwineandspirits.com/product/097921978105,97921978105,
ROSCATO BIANCO DOLCE 750ML ITALIA,nv,13.99,750ml,https://shop.oceanwineandspirits.com/product/086785212401,86785212401,
ROSCATO ROSSO DOLCE 750ML,nv,11.97,750ml,https://shop.oceanwineandspirits.com/product/086785212463,86785212463,
ROSCATO DOLCE SWEET RED 750ML,nv,12.99,750ml,https://shop.oceanwineandspirits.com/product/086785110738,86785110738,
ROSCATO MOSCATO 750ML,nv,14.99,750ml,https://shop.oceanwineandspirits.com/product/086785213002,86785213002,
ROSCATO MOSCATO 750ML,nv,14.99,750ml,https://shop.oceanwineandspirits.com/product/086785212623,86785212623,
ROSETTA FEUDI DEL TREBBIA 750ML,nv,10.99,750ml,https://shop.oceanwineandspirits.com/product/210000004706,2.1E+11,
RUFFINO AZIANO CHIANTI 750ML ITALY RED,nv,16.99,750ml,https://shop.oceanwineandspirits.com/product/083085903121,83085903121,
RUFFINO CHIANTI 750ML ITALY 1877,nv,10.99,750ml,https://shop.oceanwineandspirits.com/product/083085903022,83085903022,
RUFFINO CHIANTI SUPERIORE 750ML,nv,11.99,750ml,https://shop.oceanwineandspirits.com/product/083085903046,83085903046,
RUFFINO IL DUCALE PINOT GRIGIO 750ML,nv,12.99,750ml,https://shop.oceanwineandspirits.com/product/083085420215,83085420215,
RUFFINO MODUS TOSCANA 750ML ITALY-TUSCANY,nv,24.99,750ml,https://shop.oceanwineandspirits.com/product/83085903053,83085903053,
RUFFINO MOSCATO D''ASTI 750ML,nv,14.99,750ml,https://shop.oceanwineandspirits.com/product/083085904098,83085904098,
RUFFINO  LUMINA  PINOT GRIGIO 750ML,nv,9.97,750ml,https://shop.oceanwineandspirits.com/product/083085903213,83085903213,
RUFFINO  PROSECCO 750ML,nv,13.98,750ml,https://shop.oceanwineandspirits.com/product/083085904081,83085904081,
RUFFINO PROSECCO 187ML 187ML,nv,4.99,187ml,https://shop.oceanwineandspirits.com/product/083085420239,83085420239,
RUFFINO RSERVA DUCALE TAN 750ML ITALY-CHIANTI,nv,24.99,750ml,https://shop.oceanwineandspirits.com/product/083085903084,83085903084,
RUFFINO RISERVA 2018 DUCALE ORO GOLD 750ML ITALY- RED,2018,37.99,750ml,https://shop.oceanwineandspirits.com/product/083085903220,83085903220,
RUFFINO ROSE SPARKLING 750ML,nv,13.98,750ml,https://shop.oceanwineandspirits.com/product/083085420284,83085420284,
RUINART BLANC DE BLANC 750ML,nv,104.99,750ml,https://shop.oceanwineandspirits.com/product/088076167223,88076167223,
RUSTICO NINO FRANCO 750ML,nv,26.99,750ml,https://shop.oceanwineandspirits.com/product/086891082240,86891082240,
ANTONELLI SAGRANTINO MONTEFALCO 750ML ITALY,nv,44.99,750ml,https://shop.oceanwineandspirits.com/product/SAGRANTINOMONTEFALC,SAGRANTINOMONTEFALC,
SALDO ZINFANDEL 750ML,nv,34.99,750ml,https://shop.oceanwineandspirits.com/product/086003258006,86003258006,
SAMBUCESE NERO D AVOLA 750ML ITALY,nv,12.99,750ml,https://shop.oceanwineandspirits.com/product/850010894010,8.50011E+11,
SAN TIZIANO FRAGOLINO ROSSO 750ML ITALY,nv,15.99,750ml,https://shop.oceanwineandspirits.com/product/816805020811,8.16805E+11,
SAN ZOPITO MONTEPULCIANO 750ML ITALY-D''ABRUZZO,nv,31.99,750ml,https://shop.oceanwineandspirits.com/product/8032880340084,8.03288E+12,
SANDEMAN FINE RUBY 750ML PORTO,nv,15.99,750ml,https://shop.oceanwineandspirits.com/product/080432900529,80432900529,
SANDEMAN FINE TAWNY 750ML. PORTO,nv,19.99,750ml,https://shop.oceanwineandspirits.com/product/080432900222,80432900222,
SANDEMAN FOUNDER'S RESERVE 750ML PORTO,nv,21.99,750ml,https://shop.oceanwineandspirits.com/product/080432909072,80432909072,
Sangiovese Toscano - Governo 750ML ITALY,nv,14.99,750ml,https://shop.oceanwineandspirits.com/product/716146237001,7.16146E+11,
SANLORENZO BRUNELLO 750ML MONTALCINO-ITALY,nv,49.99,750ml,https://shop.oceanwineandspirits.com/product/SKU2013,SKU2013,
SANTA CRISTINA CHIANTI SUPERIORE 750ML,nv,14.99,750ml,https://shop.oceanwineandspirits.com/product/210000004784,2.1E+11,
ANTINORI SANTA CRISTINA PINOT GRIGIO 750ML,nv,10.99,750ml,https://shop.oceanwineandspirits.com/product/210000004785,2.1E+11,
SANTA CRISTINA TOSCANA 750ML,nv,11.99,750ml,https://shop.oceanwineandspirits.com/product/210000004786,2.1E+11,
SANTA MARGHERITA CHIANTI 750ML ITALY,nv,21.99,750ml,https://shop.oceanwineandspirits.com/product/632987209406,6.32987E+11,
SANTA MARGHERITA PINOT GRIGIO 750ML,nv,20.99,750ml,https://shop.oceanwineandspirits.com/product/632987200205,6.32987E+11,
SANTA MARGHERITA PROSECCO 750ML ITALY,nv,20.99,750ml,https://shop.oceanwineandspirits.com/product/632987201103,6.32987E+11,
SANTA MARINA PINOT GRIGIO 750ML ITALY-PAVIA,nv,9.99,750ml,https://shop.oceanwineandspirits.com/product/039383006309,39383006309,
SANTA MARINA PROSECCO 750ML,nv,10.99,750ml,https://shop.oceanwineandspirits.com/product/039383010061,39383010061,
SANTI AMARONE VALPOLICELLA 750ML ITALY,nv,46.99,750ml,https://shop.oceanwineandspirits.com/product/089744343772,89744343772,
SANTINI-BOLGHERI 750ML ITALY,nv,23.99,750ml,https://shop.oceanwineandspirits.com/product/8324080020096,8.32408E+12,
TENUTA SAN GUIDO SASSICAIA  750ML CS,nv,299.99,750ml,https://shop.oceanwineandspirits.com/product/084692492008,84692492008,
SAUTERNES PETIT GUIRAUD 750ML FRANCE,nv,39.99,750ml,https://shop.oceanwineandspirits.com/product/SKU135792,SKU135792,
ANTINORI SCALABRONE ROSE 750ML,nv,21.99,750ml,https://shop.oceanwineandspirits.com/product/210000004812,2.1E+11,
SCHRAMSBERG BL PINOT NOIR ROSE 750ML,nv,45.99,750ml,https://shop.oceanwineandspirits.com/product/019855122003,19855122003,
SCHRAMSBERG BRUT ROSE 750ML,nv,45.99,750ml,https://shop.oceanwineandspirits.com/product/019855132002,19855132002,
SCUOLA GRANDE RIPASSO 750ML ITALY,nv,22.99,750ml,https://shop.oceanwineandspirits.com/product/8003030990893,8.00303E+12,
SEA SMOKE SOUTHING PINOT NOIR 750ML,nv,109.99,750ml,https://shop.oceanwineandspirits.com/product/859012000023,8.59012E+11,
SEA SMOKE TEN PINOT NOIR 750ML,nv,129.99,750ml,https://shop.oceanwineandspirits.com/product/859012000016,8.59012E+11,
SEA SUN CHARDONNAY 750ML,nv,15.99,750ml,https://shop.oceanwineandspirits.com/product/710909750103,7.1091E+11,
SEA SUN PINOT NOIR CA 750ML,nv,12.99,750ml,https://shop.oceanwineandspirits.com/product/710909760102,7.1091E+11,
SEA SUN PINOT NOIR 1.5L,nv,49.99,1.5L,https://shop.oceanwineandspirits.com/product/710909160100,7.10909E+11,
SEAGLASS PINOT NOIR 750ML,nv,10.99,750ml,https://shop.oceanwineandspirits.com/product/085200005789,85200005789,
SEAN MINOR 2016 SONOMA CHARDONNAY 750ML,2016,7.99,750ml,https://shop.oceanwineandspirits.com/product/859139001514,8.59139E+11,
SEAN MINOR PINOT NOIR 750ML 2015 SONOMA,2015,22.99,750ml,https://shop.oceanwineandspirits.com/product/859139001316,8.59139E+11,
SEBELLA HANZEL 2018 SONOMA CHARDONNAY 750ML,2018,26.99,750ml,https://shop.oceanwineandspirits.com/product/040232096082,40232096082,
SEGHESIO ZINFANDEL 750ML SONOMA,nv,19.99,750ml,https://shop.oceanwineandspirits.com/product/88254758724,88254758724,
SELECTED CHARDONNAY 750ML KOSHER,nv,12.99,750ml,https://shop.oceanwineandspirits.com/product/851561007041,8.51561E+11,
SENOR SANGRIA WHITE 750ML,nv,9.99,750ml,https://shop.oceanwineandspirits.com/product/1930,1930,
SENORIO DE P. PECINA RIOJA RES 750ML SPAIN,nv,38.99,750ml,https://shop.oceanwineandspirits.com/product/182515000048,1.82515E+11,
SEQUOIA GROVE CHARDONNAY 750ML,nv,26.99,750ml,https://shop.oceanwineandspirits.com/product/084692472741,84692472741,
SEXUAL CHOCOLATE 750ML,nv,29.99,750ml,https://shop.oceanwineandspirits.com/product/893568000021,8.93568E+11,
SHAFER CHARDONNAY 750ML,nv,54.97,750ml,https://shop.oceanwineandspirits.com/product/013528100022,13528100022,
SHAFER MERLOT 375ML,nv,0,375ml,https://shop.oceanwineandspirits.com/product/013528200012,13528200012,
SIDURI PINOT NOIR WV 750ML,nv,23.99,750ml,https://shop.oceanwineandspirits.com/product/877591002245,8.77591E+11,
SIERRA CANTABRIA RIOJA 750ML SPAIN-RIOJA,nv,18.99,750ml,https://shop.oceanwineandspirits.com/product/763102113718,7.63102E+11,
SIESTA MALBEC 750ML,nv,26.99,750ml,https://shop.oceanwineandspirits.com/product/089419454086,89419454086,
SIGNORELLO CABERNET SAUVIGNON 750ML,nv,97.99,750ml,https://shop.oceanwineandspirits.com/product/752183270472,7.52183E+11,
SIGNORELLO CHARDONNAY 750ML,nv,59.99,750ml,https://shop.oceanwineandspirits.com/product/752183170529,7.52183E+11,
SIGNORELLO PADRONE CABERNET SAUVIGNON 750ML 2013 CS,2013,159.99,750ml,https://shop.oceanwineandspirits.com/product/752183270465,7.52183E+11,
SILVER GHOST CABERNET SAUVIGNON 750ML 2018,2018,36.99,750ml,https://shop.oceanwineandspirits.com/product/860567000307,8.60567E+11,
SILVER OAK ALEXANDER VALLEY CABERNET  SAUVIGNON 750ML,nv,89.99,750ml,https://shop.oceanwineandspirits.com/product/210000004899,2.1E+11,
SILVER OAK NAPA 2018 CABERNET SAUVIGNON 750ML,2018,134.99,750ml,https://shop.oceanwineandspirits.com/product/785214290750,7.85214E+11,
SILVER PALM CABERNET SAUVIGNON 750ML,nv,14.99,750ml,https://shop.oceanwineandspirits.com/product/768035203000,7.68035E+11,
SILVERADO CABERNET SAUVIGNON 750ML NAPA,nv,49.99,750ml,https://shop.oceanwineandspirits.com/product/088417870379,88417870379,
SILVERADO GEO CABERNET  SAUVIGNON 750ML,nv,69.99,750ml,https://shop.oceanwineandspirits.com/product/088417870270,88417870270,
SILVERADO MERLOT 750ML,nv,0,750ml,https://shop.oceanwineandspirits.com/product/088417870478,88417870478,
SILVERADO SOLO CABERNET SAUVIGNON 750ML,nv,119.99,750ml,https://shop.oceanwineandspirits.com/product/088417870676,88417870676,
SIMI RESERVE CHARDONNAY 750ML,nv,28.99,750ml,https://shop.oceanwineandspirits.com/product/088415784258,88415784258,
SIN ZIN ALEXANDER VALLEY 750 ML,nv,0,750ml,https://shop.oceanwineandspirits.com/product/085798078721,85798078721,
SINE QUA NON TROUVER SYRAH 750ML,nv,299.97,750ml,https://shop.oceanwineandspirits.com/product/SKU000221,SKU000221,
SKETCHBOOK PINOT NOIR 750ML,nv,19.99,750ml,https://shop.oceanwineandspirits.com/product/86828300355,86828300355,
SKINNY GIRL CABERNET SAUVIGNON 750ML,nv,10.99,750ml,https://shop.oceanwineandspirits.com/product/080686110354,80686110354,
SLINGSHOT CABERNET SAUVIGNON 750ML,nv,18.99,750ml,https://shop.oceanwineandspirits.com/product/893880002710,8.9388E+11,
SMITH&HOOK CABERNET SAUVIGNON 750ML,nv,17.99,750ml,https://shop.oceanwineandspirits.com/product/86788000906,86788000906,
SMOKE TREE PINOT NOIR 750ML,nv,22.99,750ml,https://shop.oceanwineandspirits.com/product/085155273431,85155273431,
SOFIA ROSE COPPOLA 750ML,nv,9.99,750ml,https://shop.oceanwineandspirits.com/product/739958033302,7.39958E+11,
TESORO SOLOSOLE VERMENTINO TOSCANA 750ML,nv,19.99,750ml,https://shop.oceanwineandspirits.com/product/812650020006,8.1265E+11,
SON CUTRER RUSSIAN RIVER 750ML PINOT NOIR,nv,31.97,750ml,https://shop.oceanwineandspirits.com/product/769611000273,7.69611E+11,
SONOMA CUTRER SONOMA CHARDONNAY 750ML,nv,23.99,750ml,https://shop.oceanwineandspirits.com/product/081128002145,81128002145,
SONOMA CUTRER LES PIERRES 750ML CHARDONNAY,nv,39.97,750ml,https://shop.oceanwineandspirits.com/product/769611300281,7.69611E+11,
SONOMA-CUTRER RR PINOT NOIR 750ML,nv,29.98,750ml,https://shop.oceanwineandspirits.com/product/769611500384,7.69612E+11,
SONOMA-CUTRER ROSE RR 750ML,nv,21.98,750ml,https://shop.oceanwineandspirits.com/product/769611000204,7.69611E+11,
SONOMA CUTRER RUSSIAN RIVER VALLEY CHARDONNAY 750ML,nv,24.99,750ml,https://shop.oceanwineandspirits.com/product/769611047599,7.69611E+11,
SONOMA CUTRER THE CUTRER CHARD 750ML,nv,31.99,750ml,https://shop.oceanwineandspirits.com/product/769611200284,7.69611E+11,
SONOMA-LOEB CHARDONNAY 750ML,nv,27.99,750ml,https://shop.oceanwineandspirits.com/product/780742461276,7.80742E+11,
SOTO JUNMAI DAIGINJO SAKE 300ML,nv,21.99,750ml,https://shop.oceanwineandspirits.com/product/851645006281,8.51645E+11,
SOTO JUNMAI DAIGINJO SAKE 720ML,nv,37.99,750ml,https://shop.oceanwineandspirits.com/product/851645006144,8.51645E+11,
SPALLETTI CHIANTI 750ML,nv,30.99,750ml,https://shop.oceanwineandspirits.com/product/084692407149,84692407149,
SPOKEN BARREL CABERNET SAUVIGNON 750ML,nv,19.99,750ml,https://shop.oceanwineandspirits.com/product/086003266018,86003266018,
ST COSME COTES DU RHONE 750ML- SAINT-COSME RED,nv,17.99,750ml,https://shop.oceanwineandspirits.com/product/3483812150007,3.48381E+12,
ST FRANCIS CABERNET SAUVIGNON 2019 750ML,2019,18.99,750ml,https://shop.oceanwineandspirits.com/product/088534001380,88534001380,
ST FRANCIS OLD VINE ZINFANDEL 750ML,nv,19.99,750ml,https://shop.oceanwineandspirits.com/product/088534001434,88534001434,
ST HALLETT SHIRAZ 750ML,nv,21.99,750ml,https://shop.oceanwineandspirits.com/product/633438000085,6.33438E+11,
ST REGIS NON-ALCOHOLIC BRUT 750 ML BRUT,nv,0,750ml,https://shop.oceanwineandspirits.com/product/ST.REGIS,ST.REGIS,
ST. REGIS SPARKLING WINE 750ML,nv,12.99,750ml,https://shop.oceanwineandspirits.com/product/STREGIS,STREGIS,
STAGLIN SALUS CHARDONNAY 750ML,nv,49.99,750ml,https://shop.oceanwineandspirits.com/product/HT1123,HT1123,
STAG'S LEAP ARTEMIS CABERNET SAUVIGNON 750ML,nv,74.99,750ml,https://shop.oceanwineandspirits.com/product/088593700200,88593700200,
STAGS LEAP WINE CELLARS CABERNET SAUVIGNON FAY 750ML,nv,159.97,750ml,https://shop.oceanwineandspirits.com/product/088593800047,88593800047,
STAGS LEAP WINERY CABERNET SAUVIGNON 750ML,nv,55.99,750ml,https://shop.oceanwineandspirits.com/product/089819042401,89819042401,
STAGS LEAP HANDS OF TIME 750ML 2018,2018,35.99,750ml,https://shop.oceanwineandspirits.com/product/088586011368,88586011368,
STAGS LEAP INVESTOR 750ML,nv,55.99,750ml,https://shop.oceanwineandspirits.com/product/089819547043,89819547043,
STAGS LEAP WINE CELLARS KARIA CHARDONNAY 750ML,nv,31.98,750ml,https://shop.oceanwineandspirits.com/product/088593450303,88593450303,
STAGS LEAP MERLOT 750ML,nv,0,750ml,https://shop.oceanwineandspirits.com/product/089819044412,89819044412,
STAG'S LEAP THE LEAP CABERNET SAUVIGNON 750ML,nv,99.98,750ml,https://shop.oceanwineandspirits.com/product/089819806942,89819806942,
STELLA PINOT GRIGIO 750ML- ITALY- WHITE,nv,9.99,750ml,https://shop.oceanwineandspirits.com/product/098709202504,98709202504,
STELLA ROSA  ROSSO SEMI-SWEET 750ML ITALY,nv,11.99,750ml,https://shop.oceanwineandspirits.com/product/87872630139,87872630139,
STELLA ROSA BLACK IL CONTE 750ML ITALY,nv,11.99,750ml,https://shop.oceanwineandspirits.com/product/087872633369,87872633369,
STELLA ROSA MOSCATO D'ASTI 750ML,nv,11.99,750ml,https://shop.oceanwineandspirits.com/product/87872630122,87872630122,
STELLA ROSA PEACH 750ML,nv,11.99,750ml,https://shop.oceanwineandspirits.com/product/087872632218,87872632218,
STELLA ROSA PINEAPPLE 750ML,nv,11.99,750ml,https://shop.oceanwineandspirits.com/product/087872638401,87872638401,
STELLA ROSA BLUEBERRY 750ML,nv,12.99,750ml,https://shop.oceanwineandspirits.com/product/087872630931,87872630931,
STELLA ROSA STRAWBERRY ROSA 750ML,nv,11.99,750ml,https://shop.oceanwineandspirits.com/product/087872634502,87872634502,
STELLA ROSA MOSCATO 750ML,nv,11.99,750ml,https://shop.oceanwineandspirits.com/product/087872630375,87872630375,
STERLING CABERNET SAUVIGNON 750 ML,nv,11.99,750ml,https://shop.oceanwineandspirits.com/product/088692860232,88692860232,
STERLING CHARDONNAY 750ML,nv,11.99,750ml,https://shop.oceanwineandspirits.com/product/088692860256,88692860256,
STERLING MERLOT 750ml,nv,0,750ml,https://shop.oceanwineandspirits.com/product/088692860249,88692860249,
STERLING PINOT GRIGIO 750ML,nv,11.99,750ml,https://shop.oceanwineandspirits.com/product/088692862823,88692862823,
STERLING PINOT NOIR 750ML,nv,11.99,750ml,https://shop.oceanwineandspirits.com/product/088692862106,88692862106,
ST.FRANCIS RESERVE ZINFANDEL 750ML,nv,0,750ml,https://shop.oceanwineandspirits.com/product/088534002172,88534002172,
STUDIO BY MIRAVAL 750ML,nv,13.99,750ml,https://shop.oceanwineandspirits.com/product/631470008342,6.3147E+11,
WOLFFER SUMMER IN A BOTTLE ROSE 750ML,nv,25.99,750ml,https://shop.oceanwineandspirits.com/product/644996139063,6.44996E+11,
TAITTINGER LA  FRANCAISE BRUT CHAMPAGNE 750ML,nv,61.99,750ml,https://shop.oceanwineandspirits.com/product/084692501649,84692501649,
TAITTINGER COMTES BL DE BL 750M  CS,nv,243.99,750ml,https://shop.oceanwineandspirits.com/product/084692500444,84692500444,
TAITTINGER PRESTIGE ROSE 750ML,nv,74.99,750ml,https://shop.oceanwineandspirits.com/product/084692506545,84692506545,
TALBOTT KALI HART PINOT NOIR 750ML,nv,19.97,750ml,https://shop.oceanwineandspirits.com/product/709192460646,7.09192E+11,
TALBOTT KALI HART CHARDONNAY 750ML,nv,17.99,750ml,https://shop.oceanwineandspirits.com/product/666262926511,6.66263E+11,
TALBOTT LOGAN CHARDONNAY 750ML,nv,24.99,750ml,https://shop.oceanwineandspirits.com/product/709192402424,7.09192E+11,
TALBOTT SLEEPY HALLOW 750ML PINOT NOIR,nv,36.99,750ml,https://shop.oceanwineandspirits.com/product/883640404250,8.8364E+11,
TALLEY CHARDONNAY 750ML,nv,29.99,750ml,https://shop.oceanwineandspirits.com/product/717208883242,7.17209E+11,
TALLEY PINOT NOIR 750ML,nv,34.99,750ml,https://shop.oceanwineandspirits.com/product/717208883761,7.17209E+11,
TAMI'' NERO D'' AVOLA 750ML ITALY,nv,17.99,750ml,https://shop.oceanwineandspirits.com/product/SKU2017,SKU2017,
BODEGAS TARIMA BLANCO 750ML 2019,2019,14.99,750ml,https://shop.oceanwineandspirits.com/product/853891002222,8.53891E+11,
TAROT NAPA CABERNET SAUVIGNON 750ML,nv,44.99,750ml,https://shop.oceanwineandspirits.com/product/854974007233,8.54974E+11,
TAYLOR DRY SHERRY 750ML,nv,8.99,750ml,https://shop.oceanwineandspirits.com/product/088940000151,88940000151,
TAYLOR FLADGATE LBV 750ML,nv,22.99,750ml,https://shop.oceanwineandspirits.com/product/084692300846,84692300846,
TAYLOR MARSALA 750ML,nv,8.99,750ml,https://shop.oceanwineandspirits.com/product/088940110010,88940110010,
TAYLOR PORT 750ML,nv,8.99,750ml,https://shop.oceanwineandspirits.com/product/88940000014,88940000014,
TAYLOR SHERRY COOKING 750ML,nv,9.99,750ml,https://shop.oceanwineandspirits.com/product/088940000977,88940000977,
TENACITY RED BLEND 750ML,nv,11.99,750ml,https://shop.oceanwineandspirits.com/product/086891087276,86891087276,
TENSHEN CABERNET SAUVIGNON 750ML,nv,18.99,750ml,https://shop.oceanwineandspirits.com/product/734352000608,7.34352E+11,
TENSHEN RED BLEND 750ML,nv,18.99,750ml,https://shop.oceanwineandspirits.com/product/734352141592,7.34352E+11,
TENSHEN WHITE WINE 750ML,nv,15.99,750ml,https://shop.oceanwineandspirits.com/product/734352141493,7.34352E+11,
TENSLEY SYRAH COLSON VINEYARD 750ML,nv,49.99,750ml,https://shop.oceanwineandspirits.com/product/SKU000053,SKU000053,
TENTAKA JUNMAI DAIGINJO SAKE 720ML,nv,99.99,750ml,https://shop.oceanwineandspirits.com/product/835603005226,8.35603E+11,
TENUTA FRESCOBALDI 750ML ITALY,nv,24.99,750ml,https://shop.oceanwineandspirits.com/product/839183000039,8.39183E+11,
GUIDALBERTO BY  TENUTA SAN GUIDO 750ML,nv,77.99,750ml,https://shop.oceanwineandspirits.com/product/084692484201,84692484201,
TENUTA SASSOREGALE 750ML ITALY-TUSCANY,nv,16.99,750ml,https://shop.oceanwineandspirits.com/product/632987200281,6.32987E+11,
TEPERBERG SEMI DRY 750ML KOSHER ISRAEL,nv,13.99,750ml,https://shop.oceanwineandspirits.com/product/087752019627,87752019627,
TEPERBERG SHIRAZ 750ML,nv,12.99,750ml,https://shop.oceanwineandspirits.com/product/087752021279,87752021279,
TEPERBERG VISION DRY WHITE 750ML KOSHER ISRAEL,nv,13.99,750ml,https://shop.oceanwineandspirits.com/product/087752023310,87752023310,
TERLATO PINOT GRIGIO 750ML,nv,19.99,750ml,https://shop.oceanwineandspirits.com/product/086891084657,86891084657,
TERRAZAS ALTOS PLATA MALBEC 2018 750ML,2018,10.99,750ml,https://shop.oceanwineandspirits.com/product/88110158965,88110158965,
TERRAZAS DE LOS ANDES RESERVA  2020 750ML,2020,19.99,750ml,https://shop.oceanwineandspirits.com/product/088110158996,88110158996,
TERRE MORE CABERNET SAUVIGNON 750ML,nv,24.99,750ml,https://shop.oceanwineandspirits.com/product/839183000633,8.39183E+11,
TERREGAIE  CABERNET SAUVIGNON 375ML,nv,9.99,375ml,https://shop.oceanwineandspirits.com/product/8032770290987,8.03277E+12,
THE BEACH WHISP ANGEL ROSE  750ML,nv,15.99,750ml,https://shop.oceanwineandspirits.com/product/81753833909,81753833909,
THE BIG GAME 750ML,nv,0,750ml,https://shop.oceanwineandspirits.com/product/931793,931793,
THE BIKER ZINFANDEL 750ML,nv,21.99,750ml,https://shop.oceanwineandspirits.com/product/761180802203,7.61181E+11,
THE COUNSELOR CABERNET SAUVIGNON 750ML 2017,2017,29.99,750ml,https://shop.oceanwineandspirits.com/product/832095009602,8.32095E+11,
THE LAUGHING MAGPIE 2016 SHIRAZ,2016,0,750ml,https://shop.oceanwineandspirits.com/product/767749002299,7.67749E+11,
THE MAVERICK PINOT NOIR 750ML,nv,19.99,750ml,https://shop.oceanwineandspirits.com/product/761180804252,7.61181E+11,
THE PRISONER  RED BLEND 750ML,nv,39.99,750ml,https://shop.oceanwineandspirits.com/product/86003255067,86003255067,
THE RIDDLER RED BLEND 750ML,nv,18.99,750ml,https://shop.oceanwineandspirits.com/product/188728000455,1.88728E+11,
THE VELVET DEVIL MERLOT 750ML,nv,12.99,750ml,https://shop.oceanwineandspirits.com/product/086003253025,86003253025,
Thorn Merlot Napa by The Prisoner 750ML,nv,0,750ml,https://shop.oceanwineandspirits.com/product/086003257009,86003257009,
THRIVE PINOT GRIGIO 750ML,nv,15.99,750ml,https://shop.oceanwineandspirits.com/product/085000027875,85000027875,
TINTO NEGRO CABERNET FRANC 750ML,nv,0,750ml,https://shop.oceanwineandspirits.com/product/089419005424,89419005424,
TINTO NEGRO MALBEC 14 750ML,nv,16.99,750ml,https://shop.oceanwineandspirits.com/product/089419005523,89419005523,
TINTO NEGRO MENDOZA MALBEC 750ML,nv,9.99,750ml,https://shop.oceanwineandspirits.com/product/089419005509,89419005509,
TITUS CABERNET SAUVIGNON 750ML,nv,54.99,750ml,https://shop.oceanwineandspirits.com/product/747505001698,7.47505E+11,
TOLA GRILLO BIANCO 750ML ITALY-SICILY,nv,10.99,750ml,https://shop.oceanwineandspirits.com/product/8033712661179,8.03371E+12,
TOMBACCO PECORINO TERRE 750ML ITALY,nv,17.99,750ml,https://shop.oceanwineandspirits.com/product/8003030884529,8.00303E+12,
TORNATORE TRIMARCHISA  2015 ETNA ROSSO 750ML,2015,79.99,750ml,https://shop.oceanwineandspirits.com/product/810992030066,8.10992E+11,
TORRESELLA 750ML,nv,14.99,750ml,https://shop.oceanwineandspirits.com/product/632987060755,6.32987E+11,
TORRESELLA PINOT GRIGIO 750ML,nv,12.99,750ml,https://shop.oceanwineandspirits.com/product/632987120251,6.32987E+11,
TRAPICHE CABERNET SAUVIGNON 750ML,nv,11.99,750ml,https://shop.oceanwineandspirits.com/product/089744402554,89744402554,
TRAPICHE OAK CASK MALBEC 750ML MENDOZA,nv,12.99,750ml,https://shop.oceanwineandspirits.com/product/089744402547,89744402547,
TREANA CABERNET SAUVIGNON 750ML,nv,17.99,750ml,https://shop.oceanwineandspirits.com/product/657891716147,6.57892E+11,
TRIMBACH GEWURZTRAMINER 750ML,nv,24.99,750ml,https://shop.oceanwineandspirits.com/product/086785560083,86785560083,
TRIVENTO MALBEC RESERVE 750ML,nv,0,750ml,https://shop.oceanwineandspirits.com/product/082734341246,82734341246,
TRIVENTO RESERVE MALBEC 750ML,nv,20.99,750ml,https://shop.oceanwineandspirits.com/product/082734344049,82734344049,
TYKU COCONUT NIGORI SAKE 720ML SAKE JAPAN,nv,16.99,750ml,https://shop.oceanwineandspirits.com/product/736040524373,7.36041E+11,
TYKU BENIHANA 750ML JAPANESE SAKE,nv,19.97,750ml,https://shop.oceanwineandspirits.com/product/857050005086,8.5705E+11,
TYKU CUCUMBER JUNMAI SAKE 720ML,nv,17.97,750ml,https://shop.oceanwineandspirits.com/product/857050005024,8.5705E+11,
TYKU JUNMAI SAKE PREMIUM 720ML,nv,14.99,750ml,https://shop.oceanwineandspirits.com/product/736040520016,7.36041E+11,
TYKU JUNMAI GINJO SAKE SUPER PREMIUM 720ML,nv,17.99,750ml,https://shop.oceanwineandspirits.com/product/736040520962,7.36041E+11,
UNCAGED CABERNET SAUVIGNON 750ML,nv,14.99,750ml,https://shop.oceanwineandspirits.com/product/082242013925,82242013925,
UNCAGED RED BLEND 750ML,nv,14.99,750ml,https://shop.oceanwineandspirits.com/product/082242013932,82242013932,
UNITY CHARDONNAY 750ML,nv,33.99,750ml,https://shop.oceanwineandspirits.com/product/1305,1305,
UNSHACKLED CABERNET SAUVIGNON 750ML,nv,22.98,750ml,https://shop.oceanwineandspirits.com/product/086003278028,86003278028,
UNSHACKLED RED BLEND 750ML,nv,27.99,750ml,https://shop.oceanwineandspirits.com/product/86003278011,86003278011,
UPPERCUT CHARDONNAY 750ML,nv,19.99,750ml,https://shop.oceanwineandspirits.com/product/080720961089,80720961089,
URBINA RIOJA 750ML SPAIN,nv,29.99,750ml,https://shop.oceanwineandspirits.com/product/8421612100209,8.42161E+12,
VALLE GIARDINO PINOT GRIGIO 750ML ITALY,nv,9.99,750ml,https://shop.oceanwineandspirits.com/product/701047300046,7.01047E+11,
VALMORENA BARBERA D''ASTI 750ML 2019,2019,14.99,750ml,https://shop.oceanwineandspirits.com/product/8029836000352,8.02984E+12,
VEBERTI BAROLO 750ML ITALY,nv,59.99,750ml,https://shop.oceanwineandspirits.com/product/080175755462,80175755462,
VEGA-SICILIA VALBUENA 5 ANNO 2013 750ML CS,2013,179.99,750ml,https://shop.oceanwineandspirits.com/product/097985152442,97985152442,
VEGA VALBUENA 2013 750ML,2013,199.99,750ml,https://shop.oceanwineandspirits.com/product/VEGA2013,VEGA2013,
VENGE SCOUT''S HONOR 2019 NAPA 750ML,2019,49.99,750ml,https://shop.oceanwineandspirits.com/product/798304041934,7.98304E+11,
VERITAS CABERNET/MERLOT 750ML,nv,49.99,750ml,https://shop.oceanwineandspirits.com/product/9006206522729,9.00621E+12,
VEUVE CLICQUOT BRUT CHAMPAGNE 375ML,nv,44.99,375ml,https://shop.oceanwineandspirits.com/product/081753050221,81753050221,
VEUVE CLICQUOT BRUT YELLOW LABEL GIFT BOX 750ML,nv,54.99,750ml,https://shop.oceanwineandspirits.com/product/081753835965,81753835965,
VEUVE CLICQUOT BRUT 1.5L CS,nv,154.99,1.5L,https://shop.oceanwineandspirits.com/product/081753810979,81753810979,
VEUVE CLICQUOT RICH 750ML,nv,67.99,750ml,https://shop.oceanwineandspirits.com/product/081753826130,81753826130,
VEUVE CLICQUOT RICH ROSE 750ML,nv,71.99,750ml,https://shop.oceanwineandspirits.com/product/081753827922,81753827922,
VEUVE CLICQUOT ROSE 750ML,nv,74.99,750ml,https://shop.oceanwineandspirits.com/product/081753802479,81753802479,
VEUVE DE VERNAY BRUT 750ML,nv,13.99,750ml,https://shop.oceanwineandspirits.com/product/810885010052,8.10885E+11,
VEUVE DU VERNAY ICE 750ML,nv,13.99,750ml,https://shop.oceanwineandspirits.com/product/810885011219,8.10885E+11,
VEUVE DU VERNAY ICE ROSE 750ML,nv,13.99,750ml,https://shop.oceanwineandspirits.com/product/810885011226,8.10885E+11,
VICTORINO 2014 TORO 750ML SPAIN,2014,55.99,750ml,https://shop.oceanwineandspirits.com/product/8437010272110,8.43701E+12,
VIE VITE SAINTE MARIE ROSE 750ML,nv,22.99,750ml,https://shop.oceanwineandspirits.com/product/852529003693,8.52529E+11,
VIETTI BARBERA DASTI 750ML ITALY,nv,19.99,750ml,https://shop.oceanwineandspirits.com/product/748789500013,7.4879E+11,
VIETTI BAROLO CASTIGLIONE 750ML,nv,64.99,750ml,https://shop.oceanwineandspirits.com/product/HT1213,HT1213,
VILLA MATILDE FALANGHINA 750ML ITALY,nv,16.99,750ml,https://shop.oceanwineandspirits.com/product/084692633937,84692633937,
VILLA MATILDE GRECO DI TUFO 750ML ITALY,nv,20.99,750ml,https://shop.oceanwineandspirits.com/product/084692633968,84692633968,
VILLA MATILDE TAURASI RED BLND 750ML ITALY,nv,31.99,750ml,https://shop.oceanwineandspirits.com/product/084692634064,84692634064,
VILLA SPARINA GAVI DI GAVI 750ML ITALY 2019,2019,16.99,750ml,https://shop.oceanwineandspirits.com/product/8021321080719,8.02132E+12,
VINOSIA FALANGHINA 750ML ITALY,nv,16.99,750ml,https://shop.oceanwineandspirits.com/product/8033182900013,8.03318E+12,
VIVANCO VIURA RIOJA 750ML SPAIN,nv,7.99,750ml,https://shop.oceanwineandspirits.com/product/080175227068,80175227068,
VOERZIO MARTINI NEBBIOLO 750ML ITALY,nv,29.99,750ml,https://shop.oceanwineandspirits.com/product/875734003937,8.75734E+11,
VOGA MOSCATO 750ML,nv,11.99,750ml,https://shop.oceanwineandspirits.com/product/021893796559,21893796559,
VOGA PINOT GRIGIO 750ML,nv,11.99,750ml,https://shop.oceanwineandspirits.com/product/021893795088,21893795088,
VOLNAY LES CHAMPANS 750ML FRANCE-BORGOGNE,nv,134.99,750ml,https://shop.oceanwineandspirits.com/product/VOLNAY,VOLNAY,
VOLVER TEMPRANILLO 750ML SPAIN-LA MANCHAB,nv,17.99,750ml,https://shop.oceanwineandspirits.com/product/819451003900,8.19451E+11,
VOTRE SANTE CHARDONNAY 750ML,nv,7.99,750ml,https://shop.oceanwineandspirits.com/product/739958099117,7.39958E+11,
WENTE CHARLES WETMORE CABERNET SAUVIGNON 750ML,nv,24.99,750ml,https://shop.oceanwineandspirits.com/product/089636420000,89636420000,
CHATEAU DESCLANS COTES DE PROVENCE ROSE WHISPERING ANGEL 750ML,nv,21.99,750ml,https://shop.oceanwineandspirits.com/product/081753833916,81753833916,
CHATEAU DESCLANS COTES DE PROVENCE ROSE WHISPERING ANGEL 375ML,nv,13.99,375ml,https://shop.oceanwineandspirits.com/product/081753833725,81753833725,
WILDEWOOD CHARDONNAY 750ML,nv,9.99,750ml,https://shop.oceanwineandspirits.com/product/851665002980,8.51665E+11,
WILLAKENZIE GISELE PINOT NOIR 750ML,nv,24.99,750ml,https://shop.oceanwineandspirits.com/product/603110950038,6.03111E+11,
WILLIAM HILL BENCHLAND CABERNET  SAUVIGNON 750ML,nv,49.99,750ml,https://shop.oceanwineandspirits.com/product/085000023129,85000023129,
WILLIAM HILL CHARDONNAY 750ML,nv,14.99,750ml,https://shop.oceanwineandspirits.com/product/085000021590,85000021590,
WILLIAM HILL CHARDONNAY 750ML CENTRAL COAST,nv,14.99,750ml,https://shop.oceanwineandspirits.com/product/85000018125,85000018125,
WILLIAM HILL MERLOT 750ML,nv,14.99,750ml,https://shop.oceanwineandspirits.com/product/085000021583,85000021583,
WILLIAM HILL NAPA CHARDONNAY 375ML,nv,11.99,375ml,https://shop.oceanwineandspirits.com/product/085000027608,85000027608,
WILLIAM HILL NAPA CHARDONNAY 750ML,nv,26.99,750ml,https://shop.oceanwineandspirits.com/product/015904207905,15904207905,
WILLIAM HILL PINOT NOIR 750ML,nv,14.99,750ml,https://shop.oceanwineandspirits.com/product/085000023501,85000023501,
WOLFS HEAD IBERIA 750ML,nv,0,750ml,https://shop.oceanwineandspirits.com/product/SKU321654,SKU321654,
WOODBRIDGE CABERNET SAUVIGNON 1.5L,nv,10.99,1.5L,https://shop.oceanwineandspirits.com/product/086003813854,86003813854,
WOODBRIDGE CABERNET SAUVIGNON 750ML,nv,9.99,750ml,https://shop.oceanwineandspirits.com/product/086003000094,86003000094,
WOODBRIDGE CHARDONNAY 1.5L,nv,10.99,1.5L,https://shop.oceanwineandspirits.com/product/086003873889,86003873889,
WOODBRIDGE CHARDONNAY 750ML,nv,9.99,750ml,https://shop.oceanwineandspirits.com/product/086003000087,86003000087,
WOODBRIDGE PINOT GRIGIO 750ML,nv,9.99,750ml,https://shop.oceanwineandspirits.com/product/086003001640,86003001640,
WOODBRIDGE PINOT NOIR 750ML,nv,9.99,750ml,https://shop.oceanwineandspirits.com/product/086003003392,86003003392,
WOODBRIDGE WHITE ZINFANDEL 750ML CALIFORNIA,nv,9.99,750ml,https://shop.oceanwineandspirits.com/product/086003841857,86003841857,
XAVIER MANNOT MARANGES 1ER CRU,nv,63.99,750ml,https://shop.oceanwineandspirits.com/product/MARANGES,MARANGES,
YELLOW TAIL CABERNET SAUVIGNON 1.5L,nv,14.99,1.5L,https://shop.oceanwineandspirits.com/product/031259009469,31259009469,
YELLOW TAIL SHIRAZ 1.5L,nv,12.99,1.5L,https://shop.oceanwineandspirits.com/product/031259008950,31259008950,
YELLOWTAIL RED ROO 750ML,nv,9.99,750ml,https://shop.oceanwineandspirits.com/product/031259044095,31259044095,
YUKI NO BOSHA SAKE 300ML JAPAN,nv,27.99,750ml,https://shop.oceanwineandspirits.com/product/850176001154,8.50176E+11,
ZARDETTO PRIVATE BRUT CUVEE 750ML,nv,13.99,750ml,https://shop.oceanwineandspirits.com/product/098709421288,98709421288,
ZE ZEEE BEST SANGRIA 750ML,nv,10.99,750ml,https://shop.oceanwineandspirits.com/product/088603012033,88603012033,
ZEBRA BRUT FRANCE(] 750ML,nv,44.99,750ml,https://shop.oceanwineandspirits.com/product/816136025776,8.16136E+11,
ZEBRA BRUT 187ML,nv,9.99,187ml,https://shop.oceanwineandspirits.com/product/ZEBRABRUT,ZEBRABRUT,
ZEBRA BRUT ROSE FRANCE 750ML,nv,49.99,750ml,https://shop.oceanwineandspirits.com/product/816136025783,8.16136E+11,
ZEBRA BRUT ROSE 187ML,nv,9.99,187ml,https://shop.oceanwineandspirits.com/product/ZEBRAROSE,ZEBRAROSE,
ZEMMER PINOT BIANCO 750ML ITALY-ALTO ADIGE,nv,9.99,750ml,https://shop.oceanwineandspirits.com/product/875734007218,8.75734E+11,
ZENATO AMARONE 750ML ITALY-VALPOLICELLA,nv,74.99,750ml,https://shop.oceanwineandspirits.com/product/098709436022,98709436022,
ZENATO RIPASSA 750ML ITALY-VALPOLICELLA,nv,29.99,750ml,https://shop.oceanwineandspirits.com/product/098709436046,98709436046,
ZENATO VALPOICELLA 750ML ITALY,nv,16.99,750ml,https://shop.oceanwineandspirits.com/product/098709436008,98709436008,
ZERRAN 750ML SPAIN-MONTSANT,nv,16.99,750ml,https://shop.oceanwineandspirits.com/product/8437012566453,8.43701E+12,
ZORZAL PINOT NOIR 750ML,nv,18.99,750ml,https://shop.oceanwineandspirits.com/product/813495010771,8.13495E+11,
ZULAL ARENI RED 750ML,nv,19.99,750ml,https://shop.oceanwineandspirits.com/product/4850022940145,4.85002E+12,
7 DEADLY CABERNET SAUVINGON,nv,12.99,750ml,https://shop.oceanwineandspirits.com/product/210000005679,2.1E+11,
75 WINE COMPANY CABERNET SAUVIGNON 750ML,nv,21.99,750ml,https://shop.oceanwineandspirits.com/product/210000005680,2.1E+11,
ACHAVAL FERRER CABERNET SAUVINGON  750ML,nv,19.99,750ml,https://shop.oceanwineandspirits.com/product/210000005686,2.1E+11,
ALBAFLOR MALBEC MENDOZA(]ARG 750ML,nv,0,750ml,https://shop.oceanwineandspirits.com/product/210000005694,2.1E+11,
AMERICAN VINTAGE 2016 CA 750ML,2016,0,750ml,https://shop.oceanwineandspirits.com/product/210000005715,2.1E+11,
"AMULET RED BLEND NAPA, 2017  750ML CS",2017,157.99,750ml,https://shop.oceanwineandspirits.com/product/210000005716,2.1E+11,
ANCIENT VINES CLINE ZIN.FANDEL CONTRA COSTA  750ML,nv,15.99,750ml,https://shop.oceanwineandspirits.com/product/098652300029,98652300029,
ANTINORI MARCHESE CHIANTI CLASSICO  RSV 750ML,nv,55.99,750ml,https://shop.oceanwineandspirits.com/product/810147310449,8.10147E+11,
ANTINORI PIAN VIGNE BRUNELLO MONT 750ML,nv,79.99,750ml,https://shop.oceanwineandspirits.com/product/210000005719,2.1E+11,
APOTHIC MERLOT CA(] 750ML,nv,13.99,750ml,https://shop.oceanwineandspirits.com/product/210000005721,2.1E+11,
APOTHIC PINOT NOIR CA 750ML,nv,0,750ml,https://shop.oceanwineandspirits.com/product/210000005722,2.1E+11,
AVALON NAPA(] CA 750ML,nv,17.99,750ml,https://shop.oceanwineandspirits.com/product/210000005742,2.1E+11,
B & G TOURMALINE ROSE COTES DE PROVENCE 750ML,nv,14.99,750ml,https://shop.oceanwineandspirits.com/product/210000005747,2.1E+11,
BANDE DE LOUVE MUSKADET FRANCE(] 750ML,nv,19.99,750ml,https://shop.oceanwineandspirits.com/product/210000005753,2.1E+11,
BOLLAND CELLAR CHENIN BLANC 750ML,nv,12.99,750ml,https://shop.oceanwineandspirits.com/product/210000005779,2.1E+11,
BREAD & BUTTER CHARDONNAY 750ML,nv,13.99,750ml,https://shop.oceanwineandspirits.com/product/210000005783,2.1E+11,
BV TAPESTRY NAPA(] 750ML,nv,52.99,750ml,https://shop.oceanwineandspirits.com/product/080696922367,80696922367,
BY OTT ROSE COTE DE PROVENCE 750ML,nv,26.99,750ml,https://shop.oceanwineandspirits.com/product/734599240058,7.34599E+11,
CANVASBACK CABERNET 750ML,nv,29.97,750ml,https://shop.oceanwineandspirits.com/product/669576040003,6.69576E+11,
CASTIGLION DEL BOSCO BRUNELLO DI MONTALCINO 2013 750ML,2013,64.99,750ml,https://shop.oceanwineandspirits.com/product/8027185215113,8.02719E+12,
CATENA CAB.SAUVIGNON CHILE(] 750ML,nv,17.99,750ml,https://shop.oceanwineandspirits.com/product/098709088504,98709088504,
CAYMUS SPECIAL SELECT CABERNET SAUVIGNON NAPA  750ML CS,nv,204.99,750ml,https://shop.oceanwineandspirits.com/product/017224720102,17224720102,
CHANDON BY THE BAY SPARKLING WINE 750ML,nv,31.99,750ml,https://shop.oceanwineandspirits.com/product/085155273820,85155273820,
CHARLES KRUG VINTAGE SELECTION CABERNET SAUVIGNON 750ML,nv,119.98,750ml,https://shop.oceanwineandspirits.com/product/086012402131,86012402131,
CHAT BELAIR SAINT EMILION(]750ML,nv,159.99,750ml,https://shop.oceanwineandspirits.com/product/11115555,11115555,
CHAT. CLERC MILON PAUILLAC(]750ML,nv,249.99,750ml,https://shop.oceanwineandspirits.com/product/11114444,11114444,
CHAT. CORTON GRANCEY BURGUNDY(] FRN  2016 750ML CS,2016,170.99,750ml,https://shop.oceanwineandspirits.com/product/026861161582,26861161582,
CHAT. LA BRIDANE SAINT JULIEN(] FRANCE 750ML,nv,39.99,750ml,https://shop.oceanwineandspirits.com/product/3760009831582,3.76001E+12,
CHAT. LE COTEAU MARGAUX(]750ML,nv,53.99,750ml,https://shop.oceanwineandspirits.com/product/0701221504,701221504,
Chateau Malmaison Moulis-en-Medoc,nv,42.99,750ml,https://shop.oceanwineandspirits.com/product/087752020340,87752020340,
CHAT. MUSAR HOCHAR LEBANDON 750ML,nv,0,750ml,https://shop.oceanwineandspirits.com/product/611482060149,6.11482E+11,
CHAT. PAVIE MACQUIN SAINT EMILION(] 750ML,nv,159.99,750ml,https://shop.oceanwineandspirits.com/product/11116666,11116666,
CHAT. PICHON LOUGUEVILLE PAUILLAC(] 750ML,nv,249.99,750ml,https://shop.oceanwineandspirits.com/product/11113333,11113333,
CHAT RAUZAN SEGLA MARGAUX(]750ML,nv,99.99,750ml,https://shop.oceanwineandspirits.com/product/11117777,11117777,
CHATEAU BLAIGNAN MEDOC(] FRANCE 750ML,nv,22.99,750ml,https://shop.oceanwineandspirits.com/product/873964002041,8.73964E+11,
CHATEAU BRANE-CANTEN MARGAUX 2010(],2010,255,750ml,https://shop.oceanwineandspirits.com/product/03030303,3030303,
CHATEAU DE LA RIVIERE BORDEAUX(] FRN 750ML,nv,7.99,750ml,https://shop.oceanwineandspirits.com/product/3523150220168,3.52315E+12,
CHATEAU LAGRANGE SAINT JULIEN(] 750ML,nv,154.99,750ml,https://shop.oceanwineandspirits.com/product/04040404,4040404,
CHATEAU MINUTY ROSE 750ML,nv,85.99,750ml,https://shop.oceanwineandspirits.com/product/852165006584,8.52165E+11,
CHATEAU MONTELENA CHARDONNAY NAPA 750ML,nv,66.99,750ml,https://shop.oceanwineandspirits.com/product/733555351326,7.33555E+11,
CHIANTI CLASSICO RISERVA ITALIAN RED 750ML,nv,39.99,750ml,https://shop.oceanwineandspirits.com/product/CASTELLARE,CASTELLARE,
CITRA TREBBIANO D''ABRUZZO,nv,9.99,750ml,https://shop.oceanwineandspirits.com/product/098709350120,98709350120,
COPPOLA DIAMOND  PINOT NOIR  750ML,nv,15.99,750ml,https://shop.oceanwineandspirits.com/product/739958014509,7.39958E+11,
COPPOLA CHARDONNAY  DIAMOND CA  750ML,nv,11.99,750ml,https://shop.oceanwineandspirits.com/product/739958984208,7.39959E+11,
CORTE VOLPNI AMARONE ITALY(] 750ML,nv,59.99,750ml,https://shop.oceanwineandspirits.com/product/811929020778,8.11929E+11,
COTE DES ROSES CHARD FRN(] 750ML,nv,17.99,750ml,https://shop.oceanwineandspirits.com/product/812147021042,8.12147E+11,
COTES DES ROSES SAUVIGNON BLANC 750ML,nv,17.99,750ml,https://shop.oceanwineandspirits.com/product/812147021127,8.12147E+11,
CRISTOM MOUNT JEFFERSON PINOT NOIR 750ML,nv,29.99,750ml,https://shop.oceanwineandspirits.com/product/210000005880,2.1E+11,
Dancing Hare NAPA 750ML,nv,159.99,750ml,https://shop.oceanwineandspirits.com/product/036210917,36210917,
DOM. CLOS DES TOURELLES GIGONDAS 750ml,nv,39,750ml,https://shop.oceanwineandspirits.com/product/089419218107,89419218107,
DOMAINE MONTROSE CHARDONNAY FRANCE 750ML,nv,9.99,750ml,https://shop.oceanwineandspirits.com/product/3560680003083,3.56068E+12,
Domaine Serene,nv,0,750ml,https://shop.oceanwineandspirits.com/product/689192370230,6.89192E+11,
GUIGAL GIGONDAS FRANCE- 750ML,nv,36.99,750ml,https://shop.oceanwineandspirits.com/product/3536650601009,3.53665E+12,
ERATH PINOT GRIS 750ML,nv,14.99,750ml,https://shop.oceanwineandspirits.com/product/084687007019,84687007019,
ETRUSCA CHIANTI RISERVA ITALY(] 750ML,nv,14.99,750ml,https://shop.oceanwineandspirits.com/product/0308211,308211,
FLEUR DU CAP SAUVIGNON BLANC S. AFRICA(] 750ML,nv,11.99,750ml,https://shop.oceanwineandspirits.com/product/763878000151,7.63878E+11,
FRANCISCAN MAGNIFICAT RED BLEND,nv,59.99,750ml,https://shop.oceanwineandspirits.com/product/083085210182,83085210182,
GEKKEIKAN JUNMAI SAKE 750ML,nv,13.97,750ml,https://shop.oceanwineandspirits.com/product/210000005980,2.1E+11,
GEKKEIKAN JUNMAI SAKE BLACK & GOLD 750ML,nv,14.97,750ml,https://shop.oceanwineandspirits.com/product/728817199600,7.28817E+11,
GELSO D'' ORO ITALY(] 750ML,nv,49.99,750ml,https://shop.oceanwineandspirits.com/product/8055349300030,8.05535E+12,
GELSO NERO NERO DI TROIA ITALY(] 750,nv,18.99,750ml,https://shop.oceanwineandspirits.com/product/805534930023,8.05535E+11,
GIRARD CHARDONNAY RUSSIAN RIVER VALLEY,nv,19.99,750ml,https://shop.oceanwineandspirits.com/product/008176700014,8176700014,
GUARACHI CABERNET SAUVIGNON NAPA 750ML,nv,79.99,750ml,https://shop.oceanwineandspirits.com/product/734352090111,7.34352E+11,
GUIGAL COTES DU RHONE WHITE  BL FRANCE 750ML,nv,15.99,750ml,https://shop.oceanwineandspirits.com/product/790559801004,7.9056E+11,
H3 HORSE HEVEN HILLS CABERNET SAUVIGNON 750ML,nv,14.99,750ml,https://shop.oceanwineandspirits.com/product/088586003448,88586003448,
HACIENDA DE ARINZANO TEMPRANILLO(] SPAIN 750ML,nv,18.99,750ml,https://shop.oceanwineandspirits.com/product/811751021622,8.11751E+11,
HANNA SAUVIGNON BLANC 750ML,nv,16.99,750ml,https://shop.oceanwineandspirits.com/product/086891073361,86891073361,
HOGWASH ROSE 750ML,nv,14.99,750ml,https://shop.oceanwineandspirits.com/product/892026001327,8.92026E+11,
Weingut H.u.m. Hofer Gruner Veltliner,nv,21.99,750ml,https://shop.oceanwineandspirits.com/product/7477361489332,7.47736E+12,
I PERAZZI SANGIOVESSE TUSCANY(] 750ML,nv,16.99,750ml,https://shop.oceanwineandspirits.com/product/8032894420154,8.03289E+12,
INGLENOOK 1882 CABERNET SAUVIGNON 750ML,nv,38.99,750ml,https://shop.oceanwineandspirits.com/product/896136001826,8.96136E+11,
INTERCEPT RED BLEND PASO ROBLES(] 750ML,nv,17.99,750ml,https://shop.oceanwineandspirits.com/product/847159002499,8.47159E+11,
JACOB'S CREEK SHIRAZ AUS 750ML,nv,9.99,750ml,https://shop.oceanwineandspirits.com/product/080432354070,80432354070,
JOSH CELLARS CABERNET SAUVIGNON 750ML,nv,13.99,750ml,https://shop.oceanwineandspirits.com/product/857744001318,8.57744E+11,
JOSH CABERNET SAUVIGNON PASO ROBLES 750ML,nv,16.99,750ml,https://shop.oceanwineandspirits.com/product/031259049236,31259049236,
JUGGERNAUT RUSSIAN RIVER PINOT NOIR 750ML,nv,19.99,750ml,https://shop.oceanwineandspirits.com/product/080887551048,80887551048,
KIKUSUI JUNMAI GINJO ORGANIC SAKE 750ML,nv,19.99,750ml,https://shop.oceanwineandspirits.com/product/072546019808,72546019808,
Kwv Cabernet Sauvignon SOUTH AFRICA 750 ML,nv,13.99,750ml,https://shop.oceanwineandspirits.com/product/748294044101,7.48294E+11,
KWV CHARDONNAY SOUTH AFRICA 750 ML,nv,13.99,750ml,https://shop.oceanwineandspirits.com/product/748294044118,7.48294E+11,
KWV PINOTAGE SOUTH AFRICA,nv,13.99,750ml,https://shop.oceanwineandspirits.com/product/748294044163,7.48294E+11,
LADERA ESTATE CABERNET SAUVIGNON NAPA VALLEY 750ML,nv,54.97,750ml,https://shop.oceanwineandspirits.com/product/739799315759,7.39799E+11,
LANDMARK HOP KILM P. NOIR CA(] 750ML,nv,47.99,750ml,https://shop.oceanwineandspirits.com/product/085124223450,85124223450,
LANDMARK OVERLOOK CHARDONNAY 750ML,nv,24.99,750ml,https://shop.oceanwineandspirits.com/product/085124159124,85124159124,
LAPLAYA RED BLEND CHILE(] 750ML,nv,0,750ml,https://shop.oceanwineandspirits.com/product/091771143003,91771143003,
LARMANDIER-BERNIER LES CHEMINS D''AVIZE 750ML,nv,179.99,750ml,https://shop.oceanwineandspirits.com/product/LARMANDIER,LARMANDIER,
LATOUR CORTON CHARLEMAGNE BURGUNDY(] FRN  2018 750ML CS,2018,299.99,750ml,https://shop.oceanwineandspirits.com/product/210000006133,2.1E+11,
LAURENT-PERRIER BLANC DE BLANC FRANCE 750ML,nv,106.99,750ml,https://shop.oceanwineandspirits.com/product/084878187001,84878187001,
LE CHEMIN DU ROI FRANCE(] 750ML,nv,134.99,750ml,https://shop.oceanwineandspirits.com/product/088320300154,88320300154,
LE CHEMIN DU ROI ROSE 750ML,nv,0,750ml,https://shop.oceanwineandspirits.com/product/088320300000,88320300000,
LE PASSAGE COTE DU RHONE BURGUNDY(] FRANCE 750ML,nv,20.99,750ml,https://shop.oceanwineandspirits.com/product/376016739013,3.76017E+11,
LEOVILLE GRAND VIN SAINT JULIEN(] 750ML,nv,249.99,750ml,https://shop.oceanwineandspirits.com/product/11111122222,11111122222,
LES HERETIQUES LANGUEDOC(]FRANCE 750ML,nv,13.99,750ml,https://shop.oceanwineandspirits.com/product/610373581312,6.10374E+11,
LINE 39 PINOT NOIR CA 750ML,nv,0,750ml,https://shop.oceanwineandspirits.com/product/898756001477,8.98756E+11,
LINE 39 SAUVIGNON BLANC CA(] 750ML,nv,9.99,750ml,https://shop.oceanwineandspirits.com/product/898756001040,8.98756E+11,
LOUIS ROEDERER VINTAGE BRUT CHAMPAGNE 750ML,nv,77.99,750ml,https://shop.oceanwineandspirits.com/product/734599025051,7.34599E+11,
LUC BELAIRE BRUT GOLD 750ML,nv,29.99,750ml,https://shop.oceanwineandspirits.com/product/813497007038,8.13497E+11,
LUC BELAIRE GOLD BRUT FRANCE 200ML,nv,11.99,200ml,https://shop.oceanwineandspirits.com/product/813497008059,8.13497E+11,
LUPE-CHOLET CHAT. DU PAPE FRN(] 750ML,nv,44.99,750ml,https://shop.oceanwineandspirits.com/product/087113212308,87113212308,
MAD HATTER NAPA(] 750ML,nv,44.99,750ml,https://shop.oceanwineandspirits.com/product/892026001341,8.92026E+11,
MCMANIS ZINFANDEL LODI CA 750ML,nv,16.99,750ml,https://shop.oceanwineandspirits.com/product/670580009177,6.7058E+11,
MILBRANDT CHARDONNAY 750ML,nv,21.99,750ml,https://shop.oceanwineandspirits.com/product/896280001048,8.9628E+11,
MILBRANDT NORTHRIDGE CABERNET SAUVIGNON 750ML,nv,42.99,750ml,https://shop.oceanwineandspirits.com/product/896280001499,8.9628E+11,
MIONETTO ROSE EX-DRY ITALIAN SPARKLING,nv,13.97,750ml,https://shop.oceanwineandspirits.com/product/816253010891,8.16253E+11,
MONDAVI NAPA CABERNET SAUVIGNON NAPA(] 750ML,nv,49.99,750ml,https://shop.oceanwineandspirits.com/product/086003051843,86003051843,
NICKEL & NICKEL BRANDING IRON OAKVILLE CABERNET SAUVIGNON 750ML,nv,109.99,750ml,https://shop.oceanwineandspirits.com/product/686014000559,6.86014E+11,
NICKEL & NICKEL TRUCHARD CHARDONNAY 750ML,nv,49.99,750ml,https://shop.oceanwineandspirits.com/product/686014000023,6.86014E+11,
NOBILO ICON NZL(] 750ML,nv,19.99,750ml,https://shop.oceanwineandspirits.com/product/081434315403,81434315403,
NONINO GRAPPA A MOSCATO DI MONOVITIGNO 82,nv,69.99,750ml,https://shop.oceanwineandspirits.com/product/086891073590,86891073590,
OBRA PRIMA MALBEC ARG(] 750,nv,16.99,750ml,https://shop.oceanwineandspirits.com/product/895237700416,8.95238E+11,
OBRA PRIMA ROSADO ARG(] 750ML,nv,9.99,750ml,https://shop.oceanwineandspirits.com/product/870268000025,8.70268E+11,
PAHLMEYER JAYSON CABERNET SAUVIGNON NAPA 750ML,nv,79.99,750ml,https://shop.oceanwineandspirits.com/product/857407002096,8.57407E+11,
P.BOUCHARD PINOT NOIR FRANCE,nv,18.99,750ml,https://shop.oceanwineandspirits.com/product/087113115210,87113115210,
"PEJU CABERNET FRANC NAPA, CA 750ML",nv,84.99,750ml,https://shop.oceanwineandspirits.com/product/687194000216,6.87194E+11,
PEJU SAUVIGNON BLANC NAPA 750ML,nv,27.99,750ml,https://shop.oceanwineandspirits.com/product/687194001411,6.87194E+11,
PENFOLDS  BIN 389 CAB/SHIRAZ S.AUS.(] 750ML,nv,59.98,750ml,https://shop.oceanwineandspirits.com/product/012354071209,12354071209,
PENFORLDS BIN 600 CAB/SHIRAZ CA(] 750ML,nv,52.99,750ml,https://shop.oceanwineandspirits.com/product/012354724396,12354724396,
PERRIN CHATEAUNEUF DU PAPE SINARDS ROUGE 750ML,nv,45.99,750ml,https://shop.oceanwineandspirits.com/product/089419219968,89419219968,
PIRIA SPARKLING LAMBRUSCO ITALY 750ML,nv,12.99,750ml,https://shop.oceanwineandspirits.com/product/8053017310039,8.05302E+12,
POGGIO ROSSO DI MONTALCINO,nv,24.99,750ml,https://shop.oceanwineandspirits.com/product/716146127005,7.16146E+11,
POST & BEAM CABERNET SAUVIGNON 750ML,nv,49.99,750ml,https://shop.oceanwineandspirits.com/product/850073385005,8.50073E+11,
HENRI BOURGEOIS POUILLY-FUME 2020 EN TRAVERTIN 750ML,2020,32.99,750ml,https://shop.oceanwineandspirits.com/product/336591000519,3.36591E+11,
THE PRISONER CABERNET SAUVIGNON NAPA 750ML,nv,54.99,750ml,https://shop.oceanwineandspirits.com/product/086003255142,86003255142,
PRUNOTTO BAROLO 750ML,nv,51.99,750ml,https://shop.oceanwineandspirits.com/product/088586005152,88586005152,
PURE RED BLEND SUGAR FREE ITALY 750ML,nv,19.99,750ml,https://shop.oceanwineandspirits.com/product/893778001436,8.93778E+11,
PURE SPARKLING ROSE SUGAR FREE 750ML,nv,21.99,750ml,https://shop.oceanwineandspirits.com/product/893778001504,8.93778E+11,
PURE SPARKLING WHITE SUGAR FREE 750ML,nv,21.99,750ml,https://shop.oceanwineandspirits.com/product/893778001498,8.93778E+11,
PURE WHITE WINE SUGAR FREE ITALY 750ML,nv,19.99,750ml,https://shop.oceanwineandspirits.com/product/893778001429,8.93778E+11,
QUERCIABELLA CHIANTI CLASSICO 2018,2018,31.97,750ml,https://shop.oceanwineandspirits.com/product/8031481004692,8.03148E+12,
R MONDAVI P. NOIR RESERVE NAPA(] CA 750ML,nv,29.99,750ml,https://shop.oceanwineandspirits.com/product/086003105850,86003105850,
RODNEY STRONG CABERNET SAUVIGNON ALEXANDER VALLEY 750ML,nv,23.99,750ml,https://shop.oceanwineandspirits.com/product/087512929685,87512929685,
Rodney Strong Chardonnay Chalk Hill 750ML,nv,15.98,750ml,https://shop.oceanwineandspirits.com/product/087512923256,87512923256,
RODNEY STRONG CHARDONNAY CALIFORNIA 750ML,nv,12.99,750ml,https://shop.oceanwineandspirits.com/product/87512913257,87512913257,
RUTHERFORD HILL CABERNET SAUVIGNON 750ML,nv,57.99,750ml,https://shop.oceanwineandspirits.com/product/086891028910,86891028910,
SANFORD PINOT NOIR,nv,45.99,750ml,https://shop.oceanwineandspirits.com/product/086891072913,86891072913,
ANTINORI SANTA CRISTINA ANNATA BIANCO 2019 750ML,2019,7.99,750ml,https://shop.oceanwineandspirits.com/product/210000006346,2.1E+11,
SEAGLASS SAUVIGNON BLANC SANTA BARBARA 750ML,nv,12.99,750ml,https://shop.oceanwineandspirits.com/product/085200005758,85200005758,
SEAN MINOR CENTRAL P. NOIR CA(]750ML,nv,16.99,750ml,https://shop.oceanwineandspirits.com/product/859139001934,8.59139E+11,
SIMI CABERNET SAUVIGNON SONOMA COUNTY 750ML,nv,21.99,750ml,https://shop.oceanwineandspirits.com/product/088415780557,88415780557,
SIMI CHARDONNAY SONOMA 750ML,nv,15.98,750ml,https://shop.oceanwineandspirits.com/product/088415784050,88415784050,
SIMPLY RED BLEND WA 750ML,nv,9.99,750ml,https://shop.oceanwineandspirits.com/product/890512002094,8.90512E+11,
SNOW RIDGE CABERNET SAUVIGNON ICE WINE CANADA 187ML,nv,29.99,187ml,https://shop.oceanwineandspirits.com/product/874537002581,8.74537E+11,
SNOW RIDGE VIDAL ICEWINE CANADA(] 187ML,nv,19.99,187ml,https://shop.oceanwineandspirits.com/product/874537002567,8.74537E+11,
ST SUPERY CABERNET  SAUVIGNON NAPA 2018 750 ML,2018,49.99,750ml,https://shop.oceanwineandspirits.com/product/040951175112,40951175112,
STAGS LEAP SAUVIGNON BLANC NAPA 750ML,nv,26.99,750ml,https://shop.oceanwineandspirits.com/product/089819723324,89819723324,
STERLING NAPA PLATINUM  CABERNET SAUVIGNON 750ML,nv,45.99,750ml,https://shop.oceanwineandspirits.com/product/088692865992,88692865992,
SWANSON VINEYARDS MERLOT NAPA VALLEY 750ML,nv,29.99,750ml,https://shop.oceanwineandspirits.com/product/722588589028,7.22589E+11,
SYLTBAR ROSE SPARKLING WINE 750ML,nv,20.99,750ml,https://shop.oceanwineandspirits.com/product/684688094003,6.84688E+11,
SYMPOSIUM BORDEAUX FRANCE 750ML,nv,17.99,750ml,https://shop.oceanwineandspirits.com/product/331761425,331761425,
TENUTE MARTA  HIBISCO ITALY(] 750ML,nv,21.99,750ml,https://shop.oceanwineandspirits.com/product/2028392021,2028392021,
TENUTE MARTA IMPETUM ITALY(]750ML,nv,22.99,750ml,https://shop.oceanwineandspirits.com/product/1600092,1600092,
TENUTE MARTA ROSA CHARD ITALY 750ML,nv,14.99,750ml,https://shop.oceanwineandspirits.com/product/030821,30821,
THE PRISONER CHARDONNAY 750ML,nv,41.99,750ml,https://shop.oceanwineandspirits.com/product/086003255135,86003255135,
THE STAG PASO ROBLES(] 750ML,nv,19.99,750ml,https://shop.oceanwineandspirits.com/product/089819711192,89819711192,
THE STAG CHARDONNAY CA(] 750ML,nv,14.99,750ml,https://shop.oceanwineandspirits.com/product/089819721337,89819721337,
TIO PEPE PALOMINO FINO SHERRY  SPAIN 750ML,nv,19.99,750ml,https://shop.oceanwineandspirits.com/product/087236910006,87236910006,
TITUS ZINFANDEL NAPA(] 750ML,nv,0,750ml,https://shop.oceanwineandspirits.com/product/747505001704,7.47505E+11,
"Trapiche Broquel Malbec Mendoza, Argentina 750ml",nv,0,750ml,https://shop.oceanwineandspirits.com/product/089744750501,89744750501,
VAJRA BAROLO COSTE DI ROSE ITALY(] 750ML,nv,67.99,750ml,https://shop.oceanwineandspirits.com/product/695798111726,6.95798E+11,
VILLA  ANTINORI CHIANTI CLASSICO RISERVA 2019,2019,29.99,750ml,https://shop.oceanwineandspirits.com/product/088586005480,88586005480,
WILLIAM HILL CABERNET SAUVIGNON CENTRAL COAST 750ML,nv,14.99,750ml,https://shop.oceanwineandspirits.com/product/085000018118,85000018118,
WILLIAM HILL CABERNET SAUVIGNON NORTH COAST 750ML,nv,14.99,750ml,https://shop.oceanwineandspirits.com/product/085000021606,85000021606,
WILLIAM HILL CABERNET SAUVIGNO NAPA 750ML,nv,41.99,750ml,https://shop.oceanwineandspirits.com/product/015904507890,15904507890,
XAIVER MONNOT 1ER CRU PINOT NOIR(] FRN(] 750ML,nv,52.99,750ml,https://shop.oceanwineandspirits.com/product/00007222021,7222021,
1000 STORIES ZINFANDEL 750ML CALIFORNIA,nv,17.99,750ml,https://shop.oceanwineandspirits.com/product/210000006484,2.1E+11,
CHT STE MICHELLE MERLOT CANOE RIDGE 750ML,nv,14.98,750ml,https://shop.oceanwineandspirits.com/product/088586661938,88586661938,
CHANTELEUSERIE BOURGUEIL ALOUTTES 750ML,nv,17.99,750ml,https://shop.oceanwineandspirits.com/product/210000006488,2.1E+11,
FONSAINTE CORBIERES 2020 750ML,2020,17.99,750ml,https://shop.oceanwineandspirits.com/product/210000006489,2.1E+11,
JOGUET CHINON CUVEE TERROIR 750ML,nv,26.99,750ml,https://shop.oceanwineandspirits.com/product/210000006490,2.1E+11,
LAPOSTOLLE CUVEE GRAND SELECTION 2020 CARMENERE 750ML,2020,26.98,750ml,https://shop.oceanwineandspirits.com/product/7804387001321,7.80439E+12,
CH BATAILLEY PAUILLAC 2015,2015,99.97,750ml,https://shop.oceanwineandspirits.com/product/210000006492,2.1E+11,
LEFLAIVE AUXEY-DURESSES  2019 750ML,2019,99.98,750ml,https://shop.oceanwineandspirits.com/product/210000006493,2.1E+11,
EMILIO MORO EL ZARZAL GODELLO BLANCO,nv,26.5,750ml,https://shop.oceanwineandspirits.com/product/210000006495,2.1E+11,
O'SHAUGHNESSY CABERNET SAUVIGNON,nv,86.5,750ml,https://shop.oceanwineandspirits.com/product/210000006496,2.1E+11,
CHATEAU LYNCH BAGES 2009 PAUILLAC,2009,379.99,750ml,https://shop.oceanwineandspirits.com/product/210000006497,2.1E+11,
CH MONBOUSQUET 2009,2009,119.98,750ml,https://shop.oceanwineandspirits.com/product/210000006498,2.1E+11,
Chateau Pape Clement  2010 750ML CS,2010,279.99,750ml,https://shop.oceanwineandspirits.com/product/210000006499,2.1E+11,
CH MONTROSE  SAINT -ESTEPHE  750ML 2009 CS,2009,329.98,750ml,https://shop.oceanwineandspirits.com/product/210000006500,2.1E+11,
G D'ESTOURNEL 2019 MEDOC BORDEAUX 750ML,2019,43.99,750ml,https://shop.oceanwineandspirits.com/product/210000006502,2.1E+11,
PETIT LE MONT SAUVIGNON BLANC 2021 750ML,2021,14.99,750ml,https://shop.oceanwineandspirits.com/product/210000006503,2.1E+11,
DOM DES MALANDES CHABLIS AOC 2021,2021,30.99,750ml,https://shop.oceanwineandspirits.com/product/3451492750954,3.45149E+12,
PERRIN COTES DU RHONE VILLAGES RED 750ML,nv,14.98,750ml,https://shop.oceanwineandspirits.com/product/210000006505,2.1E+11,
SADDLEBACK CELLARS OAKVILLE CABERNET SAUVIGNON 2017 750ML,2017,59.99,750ml,https://shop.oceanwineandspirits.com/product/210000006534,2.1E+11,
D'ARENBERG THE STUMP JUMP SHIRAZ 2017 750ML,2017,14.98,750ml,https://shop.oceanwineandspirits.com/product/210000006535,2.1E+11,
TAYLOR LANE BELLE GLOS 2011 1.5L CS,2011,249.99,1.5L,https://shop.oceanwineandspirits.com/product/855622000224,8.55622E+11,
BOLLINGER SPECIAL CUVEE 375ML,nv,44.98,375ml,https://shop.oceanwineandspirits.com/product/210000006550,2.1E+11,
MIGUEL TORRES RESERVA ESPECIAL 2019 CORDILLERA CARMENERE 750ML,2019,17.99,750ml,https://shop.oceanwineandspirits.com/product/089419963656,89419963656,
MIGUEL TORRES CORDILLERA CHARDONNAY,nv,17.99,750ml,https://shop.oceanwineandspirits.com/product/210000006584,2.1E+11,
MIGUEL TORRES LAS MULAS CABERNET SAUVIGNON 750ML,nv,13.99,750ml,https://shop.oceanwineandspirits.com/product/210000006585,2.1E+11,
CAPARZO 2017 BRUNELLO DI MONTALCINO '17 750ML,2017,44.99,750ml,https://shop.oceanwineandspirits.com/product/210000006586,2.1E+11,
LA CREMA RRV FOG VEIL PINOT NOIR,nv,44.99,750ml,https://shop.oceanwineandspirits.com/product/049331927136,49331927136,
BIBI GRAETZ 2020 CAsSAMATTA TOSCANA '19 750ML,2020,19.99,750ml,https://shop.oceanwineandspirits.com/product/210000006590,2.1E+11,
Chapoutier Cotes du Rhone red,nv,14.99,750ml,https://shop.oceanwineandspirits.com/product/877397006867,8.77397E+11,
SILINEO VINO NOBILE DI MONTEPULCIANO FATTORIA CERRO,nv,19.99,750ml,https://shop.oceanwineandspirits.com/product/210000006636,2.1E+11,
GIOVANNI ROSSO BAROLO CERRETTA,nv,84.99,750ml,https://shop.oceanwineandspirits.com/product/8028981050762,8.02898E+12,
PECCHENINO DOLCETTO DI DOGLIANI 2020 SAN LUIGI 750ML,2020,18.98,750ml,https://shop.oceanwineandspirits.com/product/716898921562,7.16899E+11,
TENUTA LA PODERINA BRUNELLO DI MONTALCINO,nv,89.99,750ml,https://shop.oceanwineandspirits.com/product/716898910184,7.16899E+11,
CASTELLO DI RAMPOLLA CHIANTI CLASSICO 750ML,nv,39.99,750ml,https://shop.oceanwineandspirits.com/product/716898504000,7.16899E+11,
PASSERINA VELENOSI BRUT,nv,16.99,750ml,https://shop.oceanwineandspirits.com/product/666056000434,6.66056E+11,
ST FRANCIS CHARDONNAY 750ML,nv,17.99,750ml,https://shop.oceanwineandspirits.com/product/089744410870,89744410870,
RODNEY STRONG SAUV BLANC CHARLOTTE'S HOME 750ML,nv,15.99,750ml,https://shop.oceanwineandspirits.com/product/087512943056,87512943056,
PATZ & HALL DUTTON RANCH CHARDONNAY 750ML,nv,54.99,750ml,https://shop.oceanwineandspirits.com/product/791202097072,7.91202E+11,
PATZ & HALL PINOT NOIR SONOMA 375ML,nv,27.99,375ml,https://shop.oceanwineandspirits.com/product/791202093210,7.91202E+11,
CHLOE PINOT GRIGIO 750ML,nv,10.99,750ml,https://shop.oceanwineandspirits.com/product/081308003337,81308003337,
CHLOE PINOT NOIR 750ML,nv,14.99,750ml,https://shop.oceanwineandspirits.com/product/081308003566,81308003566,
JOEL GOTT SAUVIGNON BLANC 750 ML,nv,12.99,750ml,https://shop.oceanwineandspirits.com/product/188985000113,1.88985E+11,
JORDAN CAB SAUV 750ML,nv,67.99,750ml,https://shop.oceanwineandspirits.com/product/084444100205,84444100205,
LAMARCA PROSECCO ROSE 187ML,nv,6.99,187ml,https://shop.oceanwineandspirits.com/product/210000006736,2.1E+11,
JERMANN PINOT GRIGIO 750ML,nv,21.99,750ml,https://shop.oceanwineandspirits.com/product/819135020018,8.19135E+11,
CHATEAU DESCLANS COTES DE PROVENCE ROSE WHISPERING ANGEL 1.5L,nv,49.99,1.5L,https://shop.oceanwineandspirits.com/product/081753833749,81753833749,
KISTLER SONOMA MOUNTAIN CHARD 750ML,nv,71.99,750ml,https://shop.oceanwineandspirits.com/product/KISTLER 3,KISTLER 3,
MEDITERRA TOSCANA 750ML 2020,2020,21.99,750ml,https://shop.oceanwineandspirits.com/product/210000006767,2.1E+11,
CLIVUS AMARONE 750ML,nv,54.99,750ml,https://shop.oceanwineandspirits.com/product/8031301370914,8.0313E+12,
RIGHETTI RIPASSO VALPOL CAMPOLIETI 750ML,nv,17.99,750ml,https://shop.oceanwineandspirits.com/product/210000006769,2.1E+11,
Bodegas Mas Alta Black Slate La Vilella Alta,nv,23.99,750ml,https://shop.oceanwineandspirits.com/product/210000006770,2.1E+11,
SYLTBAR PROSECCO 750ML,nv,19.99,750ml,https://shop.oceanwineandspirits.com/product/210000006773,2.1E+11,
WILLIAM HILL CHARDONNAY CENTRAL COAST 750ML,nv,0,750ml,https://shop.oceanwineandspirits.com/product/210000006774,2.1E+11,
PENCE RANCH CHARDONNAY 750ML,nv,0,750ml,https://shop.oceanwineandspirits.com/product/PENCE RANCH  CHARD,PENCE RANCH  CHARD,
CHATEAU DE CAMARSAC FRENCH 750ML,nv,24.99,750ml,https://shop.oceanwineandspirits.com/product/210000006776,2.1E+11,
RUFFINO PROSECCO ROSE 750ML,nv,13.99,750ml,https://shop.oceanwineandspirits.com/product/210000006777,2.1E+11,
MENAGE A TRIOS SOFT RED 750ML,nv,0,750ml,https://shop.oceanwineandspirits.com/product/210000006783,2.1E+11,
DURANT BOOTH CABERNET SAUVIGNON 750ML,nv,0,750ml,https://shop.oceanwineandspirits.com/product/210000006785,2.1E+11,
ROMBAUER CABERNET SAUVIGNON NAPA 750ML,nv,77.99,750ml,https://shop.oceanwineandspirits.com/product/210000006786,2.1E+11,
BAREFOOT MOSCATO 1.5L,nv,11.99,1.5L,https://shop.oceanwineandspirits.com/product/210000006789,2.1E+11,
LOUIS ROEDERER BRUT COLLECTION 242 CHAMPAGNE,nv,57.99,750ml,https://shop.oceanwineandspirits.com/product/3114080420058,3.11408E+12,
STAGS' LEAP CHARDONNAY 750ML,nv,29.99,750ml,https://shop.oceanwineandspirits.com/product/210000006794,2.1E+11,
SOTER PINOT NOIR YAMHILL CARLTON,nv,0,750ml,https://shop.oceanwineandspirits.com/product/SOTER 2,SOTER 2,
PATZ & HALL PINOT NOIR  BOOTLEGGER 2018 750ML,2018,74.99,750ml,https://shop.oceanwineandspirits.com/product/791202097218,7.91202E+11,
SOTER PINOT NOIR DUNDEE HILLS,nv,0,750ml,https://shop.oceanwineandspirits.com/product/SOTER 1,SOTER 1,
FRANCIS COPPOLA MERLOT 750ML,nv,0,750ml,https://shop.oceanwineandspirits.com/product/739958974100,7.39959E+11,
COLIMORO MONTEPULCIANO D'ABRZZO,nv,9.99,750ml,https://shop.oceanwineandspirits.com/product/080175537754,80175537754,
CHANDON BRUT ROSE 750ML,nv,21.99,750ml,https://shop.oceanwineandspirits.com/product/210000006828,2.1E+11,
DECOY BRUT CUVEE 750ML,nv,0,750ml,https://shop.oceanwineandspirits.com/product/210000006839,2.1E+11,
CHARLES KRUG HOWELL MOUNTAIN FAMILY RESERVE 750ML,nv,129.99,750ml,https://shop.oceanwineandspirits.com/product/210000006851,2.1E+11,
L'Ecole Cabernet Sauvignon 375ml Columbia Valley,nv,17.99,375ml,https://shop.oceanwineandspirits.com/product/721354200280,7.21354E+11,
L'Ecole merlot 375ml Columbia Valley,nv,14.99,375ml,https://shop.oceanwineandspirits.com/product/721354200211,7.21354E+11,
MARKHAM MERLOT 375ML NAPA,nv,14.99,375ml,https://shop.oceanwineandspirits.com/product/085385000005,85385000005,
ROMBAUER ZINFANDEL 375ML,nv,24.99,375ml,https://shop.oceanwineandspirits.com/product/097921938109,97921938109,
GOOSE BAY SAUVIGNON BLANC KOSHER 750ML,nv,27.99,750ml,https://shop.oceanwineandspirits.com/product/087752010419,87752010419,
SHILOH CABERNET SAUVIGNON KOSHER MEVUSHAL 750ML,nv,54.99,750ml,https://shop.oceanwineandspirits.com/product/087752012093,87752012093,
Shiloh Privilege Winemakers Red Blend,nv,31.99,750ml,https://shop.oceanwineandspirits.com/product/087752020784,87752020784,
Psagot Cabernet Sauvignon Jerusalem,nv,49.99,750ml,https://shop.oceanwineandspirits.com/product/087752011218,87752011218,
BARONS DE ROTHCHILD KOSHER HAUT MEDOC  750ML,nv,39.99,750ml,https://shop.oceanwineandspirits.com/product/210000006874,2.1E+11,
Dom Colombier Chablis Grand Cru Bougros,nv,59.99,750ml,https://shop.oceanwineandspirits.com/product/015643255441,15643255441,
L'ORME DE RAUZAN GASSIES HAUT MEDOC 750ML,nv,29.99,750ml,https://shop.oceanwineandspirits.com/product/015643679087,15643679087,
CHATEAU TROIS MOULINS HAUT MEDOC,nv,17.99,750ml,https://shop.oceanwineandspirits.com/product/3475290023164,3.47529E+12,
COUR DES TEMPLIERS MARGAUX 750ML,nv,24.99,750ml,https://shop.oceanwineandspirits.com/product/015643723100,15643723100,
POGGIO ANTICO 2017 BRUNELLO DI MONTALCINO 750ML,2017,74.99,750ml,https://shop.oceanwineandspirits.com/product/8032697882722,8.0327E+12,
CHARLES KRUG NAPA CABERNET SAUVIGNON 750ML,nv,32.99,750ml,https://shop.oceanwineandspirits.com/product/086012200430,86012200430,
CHARLES KRUG NAPA MERLOT 750ML,nv,26.99,750ml,https://shop.oceanwineandspirits.com/product/086012201734,86012201734,
SALDO ZINFANDEL 375ML,nv,14.99,375ml,https://shop.oceanwineandspirits.com/product/086003258020,86003258020,
CAYMUS SUISUN WALKING FOOL RED 1.5L,nv,99.97,1.5L,https://shop.oceanwineandspirits.com/product/210000006889,2.1E+11,
RAYMOND CABERNET SAUVIGNON NAPA 375ML,nv,18.99,375ml,https://shop.oceanwineandspirits.com/product/087447218632,87447218632,
ETUDE PINOT NOIR 375ML,nv,21.99,375ml,https://shop.oceanwineandspirits.com/product/089819755998,89819755998,
NORTICO 2021 ALVARIHNO 750ML,2021,14.99,750ml,https://shop.oceanwineandspirits.com/product/5601531122121,5.60153E+12,
LA ANTIGUA 2012 CLASICO RIOJA 750ML,2012,29.99,750ml,https://shop.oceanwineandspirits.com/product/8437013189248,8.43701E+12,
AMERICAN VINTAGE PASO ROBLES CABERNET SAUVIGNON,nv,14.99,750ml,https://shop.oceanwineandspirits.com/product/210000006898,2.1E+11,
BISOL CREDE PROSECCO 750ML,nv,21.99,750ml,https://shop.oceanwineandspirits.com/product/210000006899,2.1E+11,
AMERICAN VINTAGE SONOMA COUNTY CHARDONNAY,nv,14.99,750ml,https://shop.oceanwineandspirits.com/product/210000006900,2.1E+11,
AMERICAN VINTAGE CALIFORNIA RED WINE,nv,14.99,750ml,https://shop.oceanwineandspirits.com/product/210000006901,2.1E+11,
LA CARTUJA 2018 PRIORAT 750ML,2018,19.99,750ml,https://shop.oceanwineandspirits.com/product/810411013816,8.10411E+11,
FRE CABERNET SAUVIGNON N/A 750ML,nv,9.99,750ml,https://shop.oceanwineandspirits.com/product/851612,851612,
Sutter Home FRE MERLOT 750ML SUGAR FREE,nv,11.99,750ml,https://shop.oceanwineandspirits.com/product/851082,851082,
FRE MERLOT N/A 750ML,nv,0,750ml,https://shop.oceanwineandspirits.com/product/08510828,8510828,
STELLA ROSA GREEN APPLE 750ML,nv,11.99,750ml,https://shop.oceanwineandspirits.com/product/210000006932,2.1E+11,
BOSCHETTI  GOMBA BAROLO,nv,0,750ml,https://shop.oceanwineandspirits.com/product/210000006951,2.1E+11,
NICKEL & NICKEL BEAR TRACK VINEYARD 750ML,nv,0,750ml,https://shop.oceanwineandspirits.com/product/686014000764,6.86014E+11,
NICKEL & NICKEL SUSCOL RANCH MERLOT 750ML,nv,0,750ml,https://shop.oceanwineandspirits.com/product/686014000306,6.86014E+11,
STEELE CARNEROS PINOT NOIR 750ML,nv,17.99,750ml,https://shop.oceanwineandspirits.com/product/763312479314,7.63312E+11,
Invivo X Sauvignon Blanc,nv,16.99,750ml,https://shop.oceanwineandspirits.com/product/210000006981,2.1E+11,
MEZZACORONA PINOT GRIGIO ROSE 750ML,nv,11.99,750ml,https://shop.oceanwineandspirits.com/product/087241880691,87241880691,
VAL D'OCA PROSECCO 200ML,nv,5.99,200ml,https://shop.oceanwineandspirits.com/product/839552000646,8.39552E+11,
VAL D'OCA SPARKLING ROSE 187ML,nv,5.99,187ml,https://shop.oceanwineandspirits.com/product/210000006993,2.1E+11,
INNISKILLIN VIDAL ICE WINE 375ML,nv,54.99,375ml,https://shop.oceanwineandspirits.com/product/210000006994,2.1E+11,
FAILLA PINOT NOIR SONOMA COAST 750ML,nv,39.99,750ml,https://shop.oceanwineandspirits.com/product/210000007002,2.1E+11,
DAY ZINFANDEL GRIST VINEYARD 750ML,nv,54.99,750ml,https://shop.oceanwineandspirits.com/product/210000007003,2.1E+11,
FAILLA CHARDONNAY SONOMA COAST PLATT VINEYARD 750ML,nv,59.99,750ml,https://shop.oceanwineandspirits.com/product/210000007004,2.1E+11,
FAILLA PINOT NOIR OLIVET RANCH,nv,54.99,750ml,https://shop.oceanwineandspirits.com/product/210000007005,2.1E+11,
HAKUTSURU EXCELL JUNMAI 1.8L SAKE,nv,22.99,750ml,https://shop.oceanwineandspirits.com/product/747846010168,7.47846E+11,
Jose Ordonez Seleccion  & Old Vines 375ml,nv,21.99,375ml,https://shop.oceanwineandspirits.com/product/8437007216004,8.43701E+12,
DOM ROLET ARBOIS ROUGE TRADITION,nv,29.99,750ml,https://shop.oceanwineandspirits.com/product/3361121330023,3.36112E+12,
LA CANA 2021 ALBARINO 750ML,2021,17.99,750ml,https://shop.oceanwineandspirits.com/product/8437011898012,8.43701E+12,
PARADIGM CABERNET SAUVIGNON 750ML,nv,99.99,750ml,https://shop.oceanwineandspirits.com/product/210000007033,2.1E+11,
VAL D'OCA PROSECCO ROSE 750ML,nv,5.99,750ml,https://shop.oceanwineandspirits.com/product/210000007036,2.1E+11,
CHATEAU DE LABORDE BOURGOGNE 2019 HAUTES COTES DE NUITS CHARDONNAY 750ML,2019,27.99,750ml,https://shop.oceanwineandspirits.com/product/3760093303743,3.76009E+12,
DAVID DUBAND BOURGOGNE RED ORGANIC 750ML,nv,34.99,750ml,https://shop.oceanwineandspirits.com/product/210000007043,2.1E+11,
MICHEL MALLARD CHOREY-LES-BEAUNE 2017 LES BEAUMONTS 750ML,2017,39.99,750ml,https://shop.oceanwineandspirits.com/product/210000007044,2.1E+11,
BARON DE MALLERET HAUT MEDOC BORDEAUX 750ML,nv,19.99,750ml,https://shop.oceanwineandspirits.com/product/210000007045,2.1E+11,
LE B PAR MAUCAILLOU BORDEAUX SUPERIEUR,nv,0,750ml,https://shop.oceanwineandspirits.com/product/210000007046,2.1E+11,
LABORDE COTES DE BEAUNE PINOT NOIR,nv,29.99,750ml,https://shop.oceanwineandspirits.com/product/3760093304603,3.76009E+12,
DE MAUCAILLOU BORDEAUX SUPERIEUR 750ML,nv,16.99,750ml,https://shop.oceanwineandspirits.com/product/3760063166385,3.76006E+12,
GOULEE DE COS D'ESTOURNEL 2015 750ML,2015,39.99,750ml,https://shop.oceanwineandspirits.com/product/3339011588014,3.33901E+12,
DUCROUX SANCERRE,nv,27.99,750ml,https://shop.oceanwineandspirits.com/product/210000007050,2.1E+11,
MARGAUX DE BRANE 2016,2016,34.99,750ml,https://shop.oceanwineandspirits.com/product/210000007051,2.1E+11,
CHRISTIAN MARTIN BLANC DE BLANC 750ML,nv,9.99,750ml,https://shop.oceanwineandspirits.com/product/3337910101396,3.33791E+12,
test,nv,0,750ml,https://shop.oceanwineandspirits.com/product/210000007054,2.1E+11,
19 CRIMES CALI GOLD SPARKLING WINE 750ML,nv,18.99,750ml,https://shop.oceanwineandspirits.com/product/210000007055,2.1E+11,
MAISON FOUCHER CREMANT DE LOIRE 750ML,nv,19.99,750ml,https://shop.oceanwineandspirits.com/product/210000007057,2.1E+11,
DOMAINE DE LA CHARBONNIERE VACQUEYRAS SOUTHERN RHONE 750ML,nv,29.99,750ml,https://shop.oceanwineandspirits.com/product/3760112179137,3.76011E+12,
LA NEGLY LA CLAPE LA BRISE MARINE 2021 LANGUEDOC BLANC 750ML,2021,19.99,750ml,https://shop.oceanwineandspirits.com/product/3760006531430,3.76001E+12,
BADENHORST SECATEURS CHENIN BLANC SWARTLAND SOUTH AFRICA 750ML,nv,15.99,750ml,https://shop.oceanwineandspirits.com/product/210000007060,2.1E+11,
VINA MAYOR RIBERA DEL DUERO 750ML,nv,0,750ml,https://shop.oceanwineandspirits.com/product/084159000203,84159000203,
ALBERT BICHOT LYS CHABLIS PREMIER CRU 2019 750ML,2019,44.99,750ml,https://shop.oceanwineandspirits.com/product/210000007063,2.1E+11,
TENUTE SILVIO NARDI BRUNELLO 750ML,nv,73.99,750ml,https://shop.oceanwineandspirits.com/product/084692483907,84692483907,
LOUIS JADOT POMMARD 750ML,nv,82.99,750ml,https://shop.oceanwineandspirits.com/product/084692424146,84692424146,
DARK HORSE MERLOT 750ML,nv,9.99,750ml,https://shop.oceanwineandspirits.com/product/85000022870,85000022870,
TAYLOR CREAM SHERRY 750ML,nv,8.99,750ml,https://shop.oceanwineandspirits.com/product/210000007084,2.1E+11,
BELLAVISTA ALMA BRUT GRAND CUVEE FRANCIACORTA 750ML,nv,33.99,750ml,https://shop.oceanwineandspirits.com/product/210000007095,2.1E+11,
Merlot,nv,0,750ml,https://shop.oceanwineandspirits.com/product/210000007142,2.1E+11,
Barefoot Merlot,nv,0,750ml,https://shop.oceanwineandspirits.com/product/210000007143,2.1E+11,
INTRINSIC CABERNET SAUVIGNON 750ML,nv,21.99,750ml,https://shop.oceanwineandspirits.com/product/088586007859,88586007859,
OPUS ONE 2019 750ML CS,2019,399.99,750ml,https://shop.oceanwineandspirits.com/product/210000007206,2.1E+11,
BAREFOOT MERLOT 187ML,nv,0,187ml,https://shop.oceanwineandspirits.com/product/210000007208,2.1E+11,
BAREFOOT CHARDONNAY 187ML,nv,0,187ml,https://shop.oceanwineandspirits.com/product/210000007209,2.1E+11,
BAREFOOT MOSCATO 187ML,nv,0,187ml,https://shop.oceanwineandspirits.com/product/210000007210,2.1E+11,
VIRNA BORGOGNO,nv,0,750ml,https://shop.oceanwineandspirits.com/product/210000007211,2.1E+11,
CHATEAU PONTET,nv,0,750ml,https://shop.oceanwineandspirits.com/product/3306380150920,3.30638E+12,
R DRY ROSE WINE 750 ML,nv,33.99,750ml,https://shop.oceanwineandspirits.com/product/689192372678,6.89192E+11,
LEA PINOT NOIR 750ML,nv,34.99,750ml,https://shop.oceanwineandspirits.com/product/210000007228,2.1E+11,
J BOUCHARF CHATEAUNEUF,nv,0,750ml,https://shop.oceanwineandspirits.com/product/087113312305,87113312305,
JOTO JUNMAI NIGORI 300ML THE BLUE,nv,13.99,750ml,https://shop.oceanwineandspirits.com/product/210000007262,2.1E+11,
JOTO JUNMAI NIGORI SAKE 720ML THE BLUE,nv,21.99,750ml,https://shop.oceanwineandspirits.com/product/850176001727,8.50176E+11,
copa di vino,nv,0,750ml,https://shop.oceanwineandspirits.com/product/890128001214,8.90128E+11,
CHAMPAGNE HENRIOT BLANC DE BLANC 750ML,nv,59.99,750ml,https://shop.oceanwineandspirits.com/product/210000007275,2.1E+11,
CHAMPAGNE HENRIOT ROSE MILLESIME 2012 750ML,2012,116.99,750ml,https://shop.oceanwineandspirits.com/product/210000007276,2.1E+11,
BILLECART-SALMON EXTRA BRUT VINTAGE 2009 750ML,2009,99.99,750ml,https://shop.oceanwineandspirits.com/product/210000007278,2.1E+11,
CHAMPAGNE DELAMOTTE BRUT 750ML,nv,71.99,750ml,https://shop.oceanwineandspirits.com/product/210000007279,2.1E+11,
Domaine de la Solitude Cotes du Rhone white,nv,15.99,750ml,https://shop.oceanwineandspirits.com/product/012086009969,12086009969,
VIETTI ARNEIS ROERO 750ML,nv,24.99,750ml,https://shop.oceanwineandspirits.com/product/748789500044,7.4879E+11,
Copa Merlot,nv,0,750ml,https://shop.oceanwineandspirits.com/product/890128001221,8.90128E+11,
Copa White Zinfandel,nv,0,750ml,https://shop.oceanwineandspirits.com/product/890128001276,8.90128E+11,
JOSH CELLARS PINOT GRIGIO 750 ML,nv,12.99,750ml,https://shop.oceanwineandspirits.com/product/31259001456,31259001456,
ALPHONSE MELLOT LA MOUSSIERE 2021 SANCERRE 750ML,2021,49.99,750ml,https://shop.oceanwineandspirits.com/product/210000007318,2.1E+11,
RUINART BLANC DE BLANC 375ML,nv,76.99,375ml,https://shop.oceanwineandspirits.com/product/210000007323,2.1E+11,
RUINART BRUT ROSE 375ML,nv,84.99,375ml,https://shop.oceanwineandspirits.com/product/210000007324,2.1E+11,
LAURENT-PERRIER GRANDE CUVEE ALEXANDRA ROSE 2004 CS,2004,369.99,750ml,https://shop.oceanwineandspirits.com/product/210000007329,2.1E+11,
LAURENT-PERRIER MILLESIME 2012 BRUT 750ML,2012,99.99,750ml,https://shop.oceanwineandspirits.com/product/210000007330,2.1E+11,
MONTES 201 750ML SAUVIGON BLANC,nv,0,750ml,https://shop.oceanwineandspirits.com/product/715126000123,7.15126E+11,
LAURENT-PERRIER HARMONY DEMI-SEC 750ML,nv,69.99,750ml,https://shop.oceanwineandspirits.com/product/210000007333,2.1E+11,
CAVIT PINOT GRIGIO 750ML,nv,0,750ml,https://shop.oceanwineandspirits.com/product/210000007369,2.1E+11,
MACON LUGNY CAVE DE LUGNY LES CHARMES CHARDONNAY 750ML,nv,16.99,750ml,https://shop.oceanwineandspirits.com/product/210000007399,2.1E+11,
ANDRE PEACH 750ML,nv,0,750ml,https://shop.oceanwineandspirits.com/product/210000007400,2.1E+11,
VALDENCANTO MALBEC 2018,2018,24.99,750ml,https://shop.oceanwineandspirits.com/product/850003122267,8.50003E+11,
FESS PARKER ASHLEY'S CHARDONNAY 750ML,nv,27.99,750ml,https://shop.oceanwineandspirits.com/product/210000007416,2.1E+11,
POSSESSIONI SEREGO 2018 ALIGHIERI ROSSO VERONA 750ML,2018,19.99,750ml,https://shop.oceanwineandspirits.com/product/210000007417,2.1E+11,
FESS PARKER THE BIG EASY RED BLEND 750ML,nv,34.99,750ml,https://shop.oceanwineandspirits.com/product/210000007418,2.1E+11,
TABLAS CREEK VINEYARD THE OVERACHIEVER GRENACHE 750ML,nv,34.99,750ml,https://shop.oceanwineandspirits.com/product/210000007419,2.1E+11,
DOMAINE DE L'ILE ROSE COTES DE PROVENCE 750ML,nv,36.99,750ml,https://shop.oceanwineandspirits.com/product/3770016115117,3.77002E+12,
CHATEAU CAP DE FAUGERES COTES DE BORDEAUX 750ML,nv,29.99,750ml,https://shop.oceanwineandspirits.com/product/210000007445,2.1E+11,
POGGIO ANTICO ALTERO 2017 BRUNELLO DI MONTALCINO 750ML,2017,84.99,750ml,https://shop.oceanwineandspirits.com/product/210000007446,2.1E+11,
THE LITTLE SHEEP OF FRANCE SAUVIGNON BLANC 750ML,nv,13.99,750ml,https://shop.oceanwineandspirits.com/product/210000007447,2.1E+11,
DOMAINE TEMPIER BANDOL ROUGE 750ML,nv,69.99,750ml,https://shop.oceanwineandspirits.com/product/210000007454,2.1E+11,
CHAMPALOU VOUVRAY 2020 750ML,2020,24.99,750ml,https://shop.oceanwineandspirits.com/product/761503512437,7.61504E+11,
MUGA PRADO ENEA GRAN RESERVA RIOJA 750ML,nv,93.99,750ml,https://shop.oceanwineandspirits.com/product/210000007458,2.1E+11,
DOM DES MALANDES 1ER CRU MONTMAINS 2020 750ML,2020,39.99,750ml,https://shop.oceanwineandspirits.com/product/210000007460,2.1E+11,
GLAETZER BISHOP SHIRAZ BAROSSA VALLEY 750ML,nv,39.99,750ml,https://shop.oceanwineandspirits.com/product/9322246006143,9.32225E+12,
HAMILTON THE RASCAL SHIRAZ MCLAREN VALE 750ML,nv,27.99,750ml,https://shop.oceanwineandspirits.com/product/9336614000053,9.33661E+12,
LE DUC NOIR PINOT NOIR 750ML,nv,32.99,750ml,https://shop.oceanwineandspirits.com/product/210000007480,2.1E+11,
CROSSBARN CABERNET SAUVIGNON 750ML,nv,0,750ml,https://shop.oceanwineandspirits.com/product/897941000127,8.97941E+11,
MERCURY HEAD 1.5L,nv,0,1.5L,https://shop.oceanwineandspirits.com/product/20085000025417,2.0085E+13,
DELLA VITE PROSECCO SUPERIORE 750ML,nv,29.99,750ml,https://shop.oceanwineandspirits.com/product/210000007488,2.1E+11,
WILLAMETTE VALLEY PINOT GRIS 750ML,nv,16.99,750ml,https://shop.oceanwineandspirits.com/product/210000007489,2.1E+11,
DAVID PAIGE WILLIAMETTE PINOT NOIR 750ML,nv,44.99,750ml,https://shop.oceanwineandspirits.com/product/210000007493,2.1E+11,
DAVID PAIGE EOLA-AMITY HILLS PINOT NOIR,nv,59.99,750ml,https://shop.oceanwineandspirits.com/product/210000007494,2.1E+11,
ACROBAT PINOT GRIS 750ML,nv,14.99,750ml,https://shop.oceanwineandspirits.com/product/210000007509,2.1E+11,
BANSHEE CABERNET SAUVIGNON 750ML,nv,19.99,750ml,https://shop.oceanwineandspirits.com/product/210000007510,2.1E+11,
CHALK HILL SONOMA PINOT NOIR 750ML,nv,19.99,750ml,https://shop.oceanwineandspirits.com/product/210000007511,2.1E+11,
FOUR GRACES PINOT GRIS,nv,21.99,750ml,https://shop.oceanwineandspirits.com/product/210000007513,2.1E+11,
ROTH CABERNET SAUVIGNON 750ML,nv,28.99,750ml,https://shop.oceanwineandspirits.com/product/210000007514,2.1E+11,
SALDO RED BLEND 750ML,nv,33.99,750ml,https://shop.oceanwineandspirits.com/product/086003258037,86003258037,
ALBERT BICHOT CORTON GRAND CRU MARECHAUNDES 750ML 2019 CS,2019,99.99,750ml,https://shop.oceanwineandspirits.com/product/87113112349,87113112349,
ALBERT BICHOT BEAUNE LES EPENOTTES ROUGE 2019,2019,49.99,750ml,https://shop.oceanwineandspirits.com/product/210000007531,2.1E+11,
ALBERT BICHOT CHAMBOLLE-MUSIGNY LES AMOUREUSES PREMIER CRU 2019 CS,2019,299.99,750ml,https://shop.oceanwineandspirits.com/product/210000007532,2.1E+11,
ALBERT BICHOT MEURSAULT DOMAINE DU PAVILLON 2019 750ML,2019,89.99,750ml,https://shop.oceanwineandspirits.com/product/210000007533,2.1E+11,
LOUIS JADOT BEAUNE CLOS DES URSULES PREMIER CRU 2019 1.5L CS,2019,249.99,1.5L,https://shop.oceanwineandspirits.com/product/084692652891,84692652891,
LOUIS JADOT MEURSAULT LES GENEVRIERES PREMIER CRU  750ML,nv,138.99,750ml,https://shop.oceanwineandspirits.com/product/084692652587,84692652587,
LOUIS JADOT PERNAND-VERGEL  2019,2019,39.99,750ml,https://shop.oceanwineandspirits.com/product/210000007536,2.1E+11,
LOUIS JADOT SAINT-AUBIN BLANC 2019 750ML,2019,69.99,750ml,https://shop.oceanwineandspirits.com/product/210000007537,2.1E+11,
OPUS ONE RED BLEND 2017 1.5L,2017,1198.99,1.5L,https://shop.oceanwineandspirits.com/product/210000007538,2.1E+11,
GLORIOSO RIOJA RESERVA 2016,2016,15.99,750ml,https://shop.oceanwineandspirits.com/product/210000007539,2.1E+11,
LAKE SONOMA CHARDONNAY RRV,nv,7.99,750ml,https://shop.oceanwineandspirits.com/product/729188942000,7.29189E+11,
GUENOC PINOT NOIR 750ML,nv,7.99,750ml,https://shop.oceanwineandspirits.com/product/210000007552,2.1E+11,
BEAU JOIE BRUT 750ML,nv,0,750ml,https://shop.oceanwineandspirits.com/product/210000007554,2.1E+11,
ALBERT BICHOT SAVIGNY-LES-BEAUNE GRANDS PICOTINS 2019  750ML CS,2019,39.99,750ml,https://shop.oceanwineandspirits.com/product/210000007561,2.1E+11,
ALBERT BICHOT FLEURIE LA MADONE 2019,2019,39.99,750ml,https://shop.oceanwineandspirits.com/product/210000007562,2.1E+11,
HENRI BOURGEOIS SANCERRE LES BARONNES,nv,29.99,750ml,https://shop.oceanwineandspirits.com/product/210000007587,2.1E+11,
JOSH CELLARS ROSE,nv,12.99,750ml,https://shop.oceanwineandspirits.com/product/031259001043,31259001043,
ANTINORI PIAN DELLE VIGNE ROSSO DI MONTALCINO 750ML,nv,26.99,750ml,https://shop.oceanwineandspirits.com/product/88586007002,88586007002,
ROCHIOLI PINOT NOIR,nv,84.99,750ml,https://shop.oceanwineandspirits.com/product/210000007608,2.1E+11,
BILLECART SALMON BRUT 375ML,nv,37.99,375ml,https://shop.oceanwineandspirits.com/product/210000007613,2.1E+11,
JERMANN PINOT GRIGIO 375ML,nv,0,375ml,https://shop.oceanwineandspirits.com/product/210000007620,2.1E+11,
Chateau D'Yquem Sauternes 2018,2018,599.99,750ml,https://shop.oceanwineandspirits.com/product/210000007622,2.1E+11,
LE PICH NAPA CABERNET SAUVIGNON 750ML,nv,63.99,750ml,https://shop.oceanwineandspirits.com/product/210000007623,2.1E+11,
BEAUX Freres Pinot Noir WV 21,nv,79.99,750ml,https://shop.oceanwineandspirits.com/product/210000007626,2.1E+11,
ZIND HUMBRECHT GEWURZTRAMINER 750ML,nv,28.99,750ml,https://shop.oceanwineandspirits.com/product/210000007628,2.1E+11,
SEVEN HILLS WALLA WALLA CABERNET SAUVIGNON 750ML,nv,25.99,750ml,https://shop.oceanwineandspirits.com/product/210000007629,2.1E+11,
ZD CABERNET SAUVIGNON 750ML,nv,69.99,750ml,https://shop.oceanwineandspirits.com/product/210000007630,2.1E+11,
SEQUOIA GROVE CABERNET SAUVIGNON NAPA VALLEY 750ML,nv,49.99,750ml,https://shop.oceanwineandspirits.com/product/210000007631,2.1E+11,
OPUS ONE 2018 750ML,2018,0,750ml,https://shop.oceanwineandspirits.com/product/210000007636,2.1E+11,
JAQUESSON CUVEE 745N/V 750ML,nv,109.98,750ml,https://shop.oceanwineandspirits.com/product/815102003978,8.15102E+11,
MULDERBOSCH SPARKLING ROSE 750ML,nv,19.99,750ml,https://shop.oceanwineandspirits.com/product/6009803564683,6.0098E+12,
SETTE PONTI CROGNOLO 2020 750ML,2020,36.99,750ml,https://shop.oceanwineandspirits.com/product/210000007653,2.1E+11,
HAKUTSURU SAYURI NIGORI COARSE 30OML,nv,8.99,750ml,https://shop.oceanwineandspirits.com/product/210000007654,2.1E+11,
AKASHI TAI TOKUB HONJ BEN SAKE 750ML,nv,19.99,750ml,https://shop.oceanwineandspirits.com/product/210000007656,2.1E+11,
YSIOS RESERVA RIOJA 750ML,nv,30.99,750ml,https://shop.oceanwineandspirits.com/product/852832104797,8.52832E+11,
GONZALEZ BYASS  CREAM SHERRY SOLERA 1847 375ML,nv,15.99,375ml,https://shop.oceanwineandspirits.com/product/210000007668,2.1E+11,
GONZALEZ BYASS ALFONSO OLOROSO SHERRY 375ML,nv,15.99,375ml,https://shop.oceanwineandspirits.com/product/841002300220,8.41002E+11,
ANTINORI GUADO AL TASSO BOLGHERI SUPERIORE ROSSO 750ML,nv,139.99,750ml,https://shop.oceanwineandspirits.com/product/210000007670,2.1E+11,
CHARLES HEIDSIECK BRUT 750ML,nv,79.98,750ml,https://shop.oceanwineandspirits.com/product/667505000111,6.67505E+11,
PENFOLDS CHARDONNAY BIN 311 750ML,nv,41.99,750ml,https://shop.oceanwineandspirits.com/product/012354071919,12354071919,
BERINGER PRIVATE RESERVE CABERNET SAUVIGNON 2018,2018,169.98,750ml,https://shop.oceanwineandspirits.com/product/210000007683,2.1E+11,
ADAPTATION CABERNET SAUVIGNON BY PLUMPJACK 750ML,nv,87.99,750ml,https://shop.oceanwineandspirits.com/product/210000007684,2.1E+11,
CATENA ZAPATA NICOLAS BORDEAUX RED BLEND ARGENTINA 2019 750ML CS,2019,109.98,750ml,https://shop.oceanwineandspirits.com/product/210000007685,2.1E+11,
CONCHA Y TORO DON MELCHOR 750ML,nv,129.98,750ml,https://shop.oceanwineandspirits.com/product/210000007687,2.1E+11,
FURIA CALAFURIA ROSE 750ML,nv,39.98,750ml,https://shop.oceanwineandspirits.com/product/210000007688,2.1E+11,
HEWITT CABERNET SAUVIGNON 2017 CS,2017,129.99,750ml,https://shop.oceanwineandspirits.com/product/018138555026,18138555026,
PAUL HOBBS RUSSIAN RIVER-SONOMA COUNTY CHARDONNAY 750ML,nv,52.99,750ml,https://shop.oceanwineandspirits.com/product/210000007691,2.1E+11,
FINCA MARTELO,nv,32.99,750ml,https://shop.oceanwineandspirits.com/product/210000007693,2.1E+11,
LIONS DE BATAILLEY PAUILLAC BORDEAUX 750ML,nv,62.99,750ml,https://shop.oceanwineandspirits.com/product/3249990047344,3.24999E+12,
L'ECOLE CABERNET SAUVIGNON WASHINGTON STATE 750ML,nv,27.99,750ml,https://shop.oceanwineandspirits.com/product/210000007701,2.1E+11,
DAOU SOUL LION CABERNET SAUVIGNON  2019 750ML CS,2019,179.99,750ml,https://shop.oceanwineandspirits.com/product/210000007702,2.1E+11,
MAISON SALEYA COTE D PROV ROSE,nv,13.99,750ml,https://shop.oceanwineandspirits.com/product/210000007703,2.1E+11,
VALLADO DOURO RED 2018 750ML,2018,22.99,750ml,https://shop.oceanwineandspirits.com/product/5604823005195,5.60482E+12,
MONTES PURPLE ANGEL RED BLEND 750ML 2019 CS,2019,104.99,750ml,https://shop.oceanwineandspirits.com/product/715126272001,7.15126E+11,
Maison Soleya Coteaux D'Aix en Provence Rose,nv,9.98,750ml,https://shop.oceanwineandspirits.com/product/084692618163,84692618163,
DOM PERIGNON ROSE VINTAGE 2008 LADY GAGA LIMITED EDITION. CS,2008,449.98,750ml,https://shop.oceanwineandspirits.com/product/081753836870,81753836870,
STELLA ROSA PEARL LUX SPARKLING 750ML,nv,0,750ml,https://shop.oceanwineandspirits.com/product/210000007753,2.1E+11,
CASTIGLION DEL BOSCO BRUNELLO DI MONTALCINO 2017 750ML,2017,0,750ml,https://shop.oceanwineandspirits.com/product/8027185217117,8.02719E+12,
CH BONALGUE POMEROL 2019 750ML,2019,49.99,750ml,https://shop.oceanwineandspirits.com/product/210000007755,2.1E+11,
Chateau Mouton Rothschild 750ML 2010 CS,2010,1499.98,750ml,https://shop.oceanwineandspirits.com/product/210000007756,2.1E+11,
SUBSTANCE CABERNET SAUVIGNON,nv,14.99,750ml,https://shop.oceanwineandspirits.com/product/184745003004,1.84745E+11,
TORRESELLA PINOT GRIGIO,nv,9.99,750ml,https://shop.oceanwineandspirits.com/product/632987120251,6.32987E+11,
JADOT MACON,nv,7.99,750ml,https://shop.oceanwineandspirits.com/product/084692474141,84692474141,
Custom Gift Basket with one bottle of wine,nv,74.99,750ml,https://shop.oceanwineandspirits.com/product/210000007789,2.1E+11,
SESTI BRUNELLO DI MONTALCINO,nv,0,750ml,https://shop.oceanwineandspirits.com/product/761503725011,7.61504E+11,
Sesti Brunello di Montalcino 2015,2015,103.98,750ml,https://shop.oceanwineandspirits.com/product/761503725011,7.61504E+11,
ZUCCARDI CABERNET FRANC 750ML,nv,19.99,750ml,https://shop.oceanwineandspirits.com/product/210000007805,2.1E+11,
Antinori Tignanello 1.75L,nv,0,750ml,https://shop.oceanwineandspirits.com/product/210000007807,2.1E+11,
PATZ & HALL ALDER SPRINGS PINOT NOIR 2017 750ML,2017,74.99,750ml,https://shop.oceanwineandspirits.com/product/210000007822,2.1E+11,
LANGLOIS CHATEAU  SANCERRE,nv,27.99,750ml,https://shop.oceanwineandspirits.com/product/210000007844,2.1E+11,
DELAMOTTE BLANC DE BLANC 750ML,nv,93.99,750ml,https://shop.oceanwineandspirits.com/product/210000007845,2.1E+11,
KEN WRIGHT WILLAMETTE PINOT NOIR 750ML,nv,26.99,750ml,https://shop.oceanwineandspirits.com/product/641919000486,6.41919E+11,
BOUCHARD AINE & FILS CHARDONNAY 750ML,nv,12.99,750ml,https://shop.oceanwineandspirits.com/product/210000007847,2.1E+11,
EVOLUTION WHITE BLENDED,nv,0,750ml,https://shop.oceanwineandspirits.com/product/088473881661,88473881661,
ANTINORI TIGNANELLO 1.5L,nv,449.99,1.5L,https://shop.oceanwineandspirits.com/product/210000007849,2.1E+11,
DOMAINE BOILLOT MACON-VILLAGES,nv,29.99,750ml,https://shop.oceanwineandspirits.com/product/210000007850,2.1E+11,
GIRARDIN MACON FUISSE,nv,26.99,750ml,https://shop.oceanwineandspirits.com/product/210000007851,2.1E+11,
KRUG GRANDE CUVEE 169TH EDITION 750ML CS,nv,289.99,750ml,https://shop.oceanwineandspirits.com/product/081753833169,81753833169,
PLUMPJACK CABERNET SAUVIGNON 750ML,nv,199.99,750ml,https://shop.oceanwineandspirits.com/product/PLUMPJACK,PLUMPJACK,
FATTORIA SARDI TUSCAN ROSE 750ML,nv,18.99,750ml,https://shop.oceanwineandspirits.com/product/210000007860,2.1E+11,
CHATEAU DE VIAUD LALANDE,nv,0,750ml,https://shop.oceanwineandspirits.com/product/210000007865,2.1E+11,
SCARPETTA PROSECCO 750ML,nv,13.99,750ml,https://shop.oceanwineandspirits.com/product/8016947006038,8.01695E+12,
SCARPETTA 2021 BARBERA DEL MONFERRAO 750ML,2021,13.99,750ml,https://shop.oceanwineandspirits.com/product/8052400330050,8.0524E+12,
SCARPETTA PINOT GRIGIO 750ML,nv,13.99,750ml,https://shop.oceanwineandspirits.com/product/210000007870,2.1E+11,
QUERCIOLI LAMBRUSCO SECCO DOC 750ML,nv,13.99,750ml,https://shop.oceanwineandspirits.com/product/210000007871,2.1E+11,
La Moynerie 2017,2017,0,750ml,https://shop.oceanwineandspirits.com/product/084692442744,84692442744,
HARVEYS BRISTOL CREAM 750ML,nv,0,750ml,https://shop.oceanwineandspirits.com/product/5010277010164,5.01028E+12,
Tormaresca Neprica Primitivo 750ml,nv,0,750ml,https://shop.oceanwineandspirits.com/product/088586006098,88586006098,
SCAVINO BAROLO CANNUBI,nv,109.99,750ml,https://shop.oceanwineandspirits.com/product/8032636133786,8.03264E+12,
Bruno Giacosa Barolo DOCG 2017 CS,2017,199.98,750ml,https://shop.oceanwineandspirits.com/product/210000007902,2.1E+11,
STE CHATEAU MICHELLE HORSE HEAVEN SAUV BLANC 750ML,nv,18.99,750ml,https://shop.oceanwineandspirits.com/product/088586667954,88586667954,
TRENEL MACON VILLAGES 2020 750ML,2020,14.99,750ml,https://shop.oceanwineandspirits.com/product/210000007927,2.1E+11,
SHADOWBOX SEMILLON 2017 750ML,2017,49.99,750ml,https://shop.oceanwineandspirits.com/product/210000007929,2.1E+11,
SHADOWBOX SIMONE CHARDONNAY 2015 750ML,2015,54.99,750ml,https://shop.oceanwineandspirits.com/product/210000007930,2.1E+11,
SHADOWBOX CABERNET SAUVIGNON GRIGSBY 2015 750ML,2015,144.99,750ml,https://shop.oceanwineandspirits.com/product/210000007931,2.1E+11,
DAMILANO ARNEIS 21,nv,24.99,750ml,https://shop.oceanwineandspirits.com/product/210000007935,2.1E+11,
DI MAJO NORANTE FALANGHINA 2021 750ML,2021,17.99,750ml,https://shop.oceanwineandspirits.com/product/210000007936,2.1E+11,
GRAIN D'OCEAN ENTRE-DEUX-MERS 2021 750ML,2021,16.99,750ml,https://shop.oceanwineandspirits.com/product/854252006682,8.54252E+11,
RESERVE DE LA COMTESSE PAUILLAC 2009 750ML,2009,119.99,750ml,https://shop.oceanwineandspirits.com/product/210000007938,2.1E+11,
CHATEAU HAUT BAGES LIBERAL 2020 750ML,2020,74.99,750ml,https://shop.oceanwineandspirits.com/product/210000007939,2.1E+11,
PASTOURELLE DE CLERC MILON BORDEAUX PAUILLAC 2015 750ML,2015,67.99,750ml,https://shop.oceanwineandspirits.com/product/210000007940,2.1E+11,
LES PAGODES DE COS D' ESTOURNEL SAINT-ESTEPHE BORDEAUX 2015 750ML,2015,87.99,750ml,https://shop.oceanwineandspirits.com/product/210000007941,2.1E+11,
LA DAME DE MONTROSE SAINT-ESTEPHE BORDEAUX 750ML,nv,73.99,750ml,https://shop.oceanwineandspirits.com/product/210000007942,2.1E+11,
CHATEAU MONBOUSQUET 2015,2015,89.99,750ml,https://shop.oceanwineandspirits.com/product/210000007943,2.1E+11,
CHATEAU DE SALES POMEROL 750ML,nv,40.99,750ml,https://shop.oceanwineandspirits.com/product/3700063500840,3.70006E+12,
VALPOLICELLA RIPASSO,nv,0,750ml,https://shop.oceanwineandspirits.com/product/8031301373113,8.0313E+12,
KPILOTA 2022 HONDARRABI TXAKOLINA 750ML,2022,19.99,750ml,https://shop.oceanwineandspirits.com/product/210000007948,2.1E+11,
ESCORIHUELA GRAN RESERVA MALBEC 750ML,nv,18.99,750ml,https://shop.oceanwineandspirits.com/product/210000007949,2.1E+11,
LUIS CANAS 2019 CRIANZA RIOJA 750ML,2019,22.99,750ml,https://shop.oceanwineandspirits.com/product/210000007950,2.1E+11,
FINCAS DE GANUZA RESERVA RIOJA 2016 750ML,2016,49.99,750ml,https://shop.oceanwineandspirits.com/product/210000007951,2.1E+11,
GRAVILLE LACOSTE GRAVES BLANC 21 750ML,nv,21.99,750ml,https://shop.oceanwineandspirits.com/product/761503433336,7.61503E+11,
DARIOUSH VIOGNIER 2021 NAPA VALLEY 750ML,2021,59.99,750ml,https://shop.oceanwineandspirits.com/product/0899498000094,8.99498E+11,
NICOLAS FEUILLATTE BRUT 750ML,nv,43.99,750ml,https://shop.oceanwineandspirits.com/product/088586003899,88586003899,
CHATEAU-FIGEAC 2021 ST EMILION,2021,314.99,750ml,https://shop.oceanwineandspirits.com/product/210000007964,2.1E+11,
AUSTIN PASO ROBLES 750ML,nv,19.99,750ml,https://shop.oceanwineandspirits.com/product/210000007970,2.1E+11,
CHAPPELLET PRICHARD HILL 2019 750ML CS,2019,299.98,750ml,https://shop.oceanwineandspirits.com/product/210000007975,2.1E+11,
RATTI LANGHE NEBBIOLO OCHETTI 750ML,nv,21.99,750ml,https://shop.oceanwineandspirits.com/product/210000007977,2.1E+11,
MORGAN HIGHLAND CHARDONNAY SANTA LUCIA HIGHLANDS 750ML,nv,24.99,750ml,https://shop.oceanwineandspirits.com/product/715897009233,7.15897E+11,
Jermann Vintage Tunina 750ML,nv,67.99,750ml,https://shop.oceanwineandspirits.com/product/819135020407,8.19135E+11,
KULETO FROG PRINCE 750ML,nv,0,750ml,https://shop.oceanwineandspirits.com/product/720815150232,7.20815E+11,
GRAHAM'S LBV 2017 PORTO,2017,34.99,750ml,https://shop.oceanwineandspirits.com/product/094766010403,94766010403,
HEITZ & CELLAR GRIGNOLINO 2017 750ML,2017,31.99,750ml,https://shop.oceanwineandspirits.com/product/098803031710,98803031710,
PERRIER JOUET BLANC DE BLANC 750ML,nv,89.99,750ml,https://shop.oceanwineandspirits.com/product/210000007997,2.1E+11,
THREE FINGER JACK CABERNET SAUVIGNON 750ML,nv,14.99,750ml,https://shop.oceanwineandspirits.com/product/82242014847,82242014847,
ASKANELI BROTHERS RKATSITELI QVEVRI,nv,0,750ml,https://shop.oceanwineandspirits.com/product/210000008036,2.1E+11,
JUGGERNAUT SONOMA COAST CHARDONNAY 750ML,nv,0,750ml,https://shop.oceanwineandspirits.com/product/210000008037,2.1E+11,
ATMA ASSYRTIKO 750ML,nv,17.99,750ml,https://shop.oceanwineandspirits.com/product/210000008046,2.1E+11,
DECOY CABERNET SAUVIGNON ALEXANDER VALLEY 750ML,nv,29.99,750ml,https://shop.oceanwineandspirits.com/product/210000008055,2.1E+11,
GERARD TREMBLAY CHABLIS AOC,nv,29.99,750ml,https://shop.oceanwineandspirits.com/product/210000008057,2.1E+11,
ROW ELEVEN VINAS 3 PINOT NOIR 750ML,nv,15.99,750ml,https://shop.oceanwineandspirits.com/product/188728000257,1.88728E+11,
ALPHA OMEGA CABERNET SAUVIGNON NAPA 2019 750ML,2019,139.99,750ml,https://shop.oceanwineandspirits.com/product/210000008079,2.1E+11,
DOMAINE ANDRE VATAN SANCERRE BLANC,nv,31.99,750ml,https://shop.oceanwineandspirits.com/product/705489007754,7.05489E+11,
BOUCHARD P&F MEURSAULT GENEVRIERES 2018 750ML,2018,139.99,750ml,https://shop.oceanwineandspirits.com/product/210000008081,2.1E+11,
PETER MICHAEL LES PAVOTS 2019 PROPRIETARY RED CS,2019,249.99,750ml,https://shop.oceanwineandspirits.com/product/210000008082,2.1E+11,
SHAFER ONE POINT FIVE CABERNET SAUVIGNON 2019 750ML,2019,131.99,750ml,https://shop.oceanwineandspirits.com/product/210000008083,2.1E+11,
SHAFER HILLSIDE SELECT CABERNET SAUVIGNON  2018 750ML CS,2018,399.99,750ml,https://shop.oceanwineandspirits.com/product/210000008084,2.1E+11,
TURLEY ZINFANDEL ESTATE 2021,2021,49.99,750ml,https://shop.oceanwineandspirits.com/product/210000008085,2.1E+11,
TURLEY OLD VINES ZINFANDEL 750ML,nv,31.99,750ml,https://shop.oceanwineandspirits.com/product/210000008086,2.1E+11,
DOMAINE DELAPORTE SANCERRE SILEX 750ML,nv,42.99,750ml,https://shop.oceanwineandspirits.com/product/210000008087,2.1E+11,
PETER MICHAEL CARRIERE CHARDONNAY 750ML,nv,119.99,750ml,https://shop.oceanwineandspirits.com/product/210000008088,2.1E+11,
SECRET DE LEOUBE ROSE 750ML,nv,39.99,750ml,https://shop.oceanwineandspirits.com/product/210000008091,2.1E+11,
CHATEAU KIRWAN MARGAUX 2016 750ML,2016,89.99,750ml,https://shop.oceanwineandspirits.com/product/210000008092,2.1E+11,
CHATEAU GISCOURS 2016 750ML,2016,119.99,750ml,https://shop.oceanwineandspirits.com/product/210000008093,2.1E+11,
CHATEAU CARBONNIEUX BLANC 750ML,nv,57.99,750ml,https://shop.oceanwineandspirits.com/product/210000008094,2.1E+11,
CHEVALIER DE LA CREE COTE DE BEAUNE 750ML,nv,0,750ml,https://shop.oceanwineandspirits.com/product/689192376270,6.89192E+11,
DOMAINE DU COLOMBIER PETIT CHABLIS 750ML,nv,24.99,750ml,https://shop.oceanwineandspirits.com/product/210000008099,2.1E+11,
HOOPES CABERNET SAUVIGNON NAPA VALLEY 750ML,nv,51.99,750ml,https://shop.oceanwineandspirits.com/product/210000008100,2.1E+11,
LA PETITE TOUR CHATEAUNEUF DU PAPE 750ML,nv,29.99,750ml,https://shop.oceanwineandspirits.com/product/210000008101,2.1E+11,
DOMAINE FOUCHER LEBRUN LE MONT SANCERRE 750ML,nv,34.99,750ml,https://shop.oceanwineandspirits.com/product/210000008103,2.1E+11,
LA POUSSIE SANCERRE 750ML,nv,47.99,750ml,https://shop.oceanwineandspirits.com/product/LAPOUSSIE,LAPOUSSIE,
POST & BEAM CHARDONNAY NAPA VALLEY 750ML,nv,36.98,750ml,https://shop.oceanwineandspirits.com/product/210000008105,2.1E+11,
JINRO CHAMISUL SOJU 375ML,nv,9.99,375ml,https://shop.oceanwineandspirits.com/product/210000008107,2.1E+11,
JINRO CHAMISUL 750ML,nv,19.99,750ml,https://shop.oceanwineandspirits.com/product/210000008108,2.1E+11,
JINRO CHAMISUL GREEN GRAPES 375ML,nv,9.99,375ml,https://shop.oceanwineandspirits.com/product/210000008109,2.1E+11,
JINRO CHAMISUL STRAWBERRY 375ML,nv,9.99,375ml,https://shop.oceanwineandspirits.com/product/605779976251,6.0578E+11,
ELLMAN BROTHERS BLEND CABERNET SAUVIGNON BLANC 750ML,nv,84.99,750ml,https://shop.oceanwineandspirits.com/product/210000008112,2.1E+11,
ELLMAN SAUVIGNON BLANC/ MUSQUE CARYN RAE,nv,59.99,750ml,https://shop.oceanwineandspirits.com/product/210000008113,2.1E+11,
Ch Ormes de Pez 2015,2015,59.99,750ml,https://shop.oceanwineandspirits.com/product/210000008124,2.1E+11,
DOMAINE DE LA VOUGERAIE POMMARD LES PETITS NOIZONS  2018 750ML,2018,119.99,750ml,https://shop.oceanwineandspirits.com/product/210000008127,2.1E+11,
DOMAINE DU COLOMBIER CHABLIS 1ER CRU FOURCHAUME,nv,37.99,750ml,https://shop.oceanwineandspirits.com/product/210000008144,2.1E+11,
MUGA ROSADO RIOJA 750ML,nv,17.99,750ml,https://shop.oceanwineandspirits.com/product/210000008146,2.1E+11,
BREAKING BREAD MARMALADE ORANGE WINE,nv,26.99,750ml,https://shop.oceanwineandspirits.com/product/210000008147,2.1E+11,
L'Usine Pinot Noir Santa Rita Hills,nv,69.99,750ml,https://shop.oceanwineandspirits.com/product/210000008151,2.1E+11,
ASNELLA VINHO 2021 VERDE 750ML,2021,16.99,750ml,https://shop.oceanwineandspirits.com/product/210000008152,2.1E+11,
CORTIJO TINTO 2019 RIOJA 750ML,2019,14.99,750ml,https://shop.oceanwineandspirits.com/product/210000008153,2.1E+11,
DOW FINE RUBY PORT 750ML,nv,17.99,750ml,https://shop.oceanwineandspirits.com/product/210000008154,2.1E+11,
DOW'S FINE TAWNY PORT 750ML,nv,17.99,750ml,https://shop.oceanwineandspirits.com/product/094799020011,94799020011,
FLACO TEMPRANILLO 2021 SPAIN 750ML,2021,9.99,750ml,https://shop.oceanwineandspirits.com/product/210000008156,2.1E+11,
HESS SELECT CHARDONNAY 750ML,nv,11.98,750ml,https://shop.oceanwineandspirits.com/product/210000008157,2.1E+11,
BREWER CLIFTON PINOT NOIR SANTA RITA HILLS 750ML,nv,49.99,750ml,https://shop.oceanwineandspirits.com/product/210000008163,2.1E+11,
HARTFORD COURT PINOT NOIR RUSSIAN RIVER VALLEY 750ML,nv,39.99,750ml,https://shop.oceanwineandspirits.com/product/210000008164,2.1E+11,
SIDURI PINOT NOIR SANTA BARBARA 750ML,nv,22.99,750ml,https://shop.oceanwineandspirits.com/product/210000008165,2.1E+11,
KIM CRAWFORD ILLUMINATE SAUVIGNON BLANC 750ML,nv,16.99,750ml,https://shop.oceanwineandspirits.com/product/210000008202,2.1E+11,
Bouchard Gevrey Chambertin 2019,2019,89.99,750ml,https://shop.oceanwineandspirits.com/product/210000008207,2.1E+11,
LATOUR GEVREY CHAMBERTIN 2020 750ML,2020,98.99,750ml,https://shop.oceanwineandspirits.com/product/26861101854,26861101854,
BUTTER BUBBLES 750ML,nv,14.99,750ml,https://shop.oceanwineandspirits.com/product/210000008221,2.1E+11,
RAMS GATE PINOT NOIR SONOMA COAST 750ML,nv,51.99,750ml,https://shop.oceanwineandspirits.com/product/210000008222,2.1E+11,
LAUREL GLEN CABERNET SAUVIGNON SONOMA MOUNTAIN ESTATE 750ML,nv,109.99,750ml,https://shop.oceanwineandspirits.com/product/210000008223,2.1E+11,
OCCAMS RAZOR RED BLEND COLUMBIA VALLEY 750ML,nv,19.99,750ml,https://shop.oceanwineandspirits.com/product/210000008224,2.1E+11,
SAMSARA CHARDONNAY SANTA RITA HILLS 750ML,nv,44.99,750ml,https://shop.oceanwineandspirits.com/product/210000008225,2.1E+11,
BAREFOOT RED MOSCATO 1.5L,nv,11.99,1.5L,https://shop.oceanwineandspirits.com/product/210000008265,2.1E+11,
BAREFOOT PEACH FRUITSCATO 1.5L,nv,11.99,1.5L,https://shop.oceanwineandspirits.com/product/210000008266,2.1E+11,
DARK HORSE BUTTER CHARDONNAY 750ML,nv,9.99,750ml,https://shop.oceanwineandspirits.com/product/210000008267,2.1E+11,
BAREFOOT APPLE FRUITSCATO 1.5L,nv,11.99,1.5L,https://shop.oceanwineandspirits.com/product/210000008269,2.1E+11,
JAM CELLARS BUTTER CABERNET SAUVIGNON 750ML,nv,16.99,750ml,https://shop.oceanwineandspirits.com/product/853706002522,8.53706E+11,
SIMI SONOMA CABERNET SAUVIGNON 2018,2018,19.99,750ml,https://shop.oceanwineandspirits.com/product/210000008283,2.1E+11,
CANTINE COLOSI SALINA BIANCO 2021,2021,24.99,750ml,https://shop.oceanwineandspirits.com/product/7168989655734,7.16899E+12,
PECCHENINO BAROLO BUSSIA 2017 750ML,2017,67.99,750ml,https://shop.oceanwineandspirits.com/product/210000008287,2.1E+11,
CASTELLO DI AMA CHIANTI CLASSICO 750ML,nv,31.99,750ml,https://shop.oceanwineandspirits.com/product/8021846051720,8.02185E+12,
QUILT THREADCOUNT BOLD RED BLEND 750ML,nv,18.99,750ml,https://shop.oceanwineandspirits.com/product/210000008310,2.1E+11,
LIEVLAND PINOTAGE 750ML,nv,17.99,750ml,https://shop.oceanwineandspirits.com/product/089419826777,89419826777,
CHATEAU DE JACQUES MOULIN A VENT CRU BEAUJOLAIS 2020 750ML,2020,27.99,750ml,https://shop.oceanwineandspirits.com/product/084692451142,84692451142,
DROUHIN COTE DE BEAUNE VILLAGES 750ML,nv,37.99,750ml,https://shop.oceanwineandspirits.com/product/210000008314,2.1E+11,
FREEMARK ABBEY CHARDONNAY NAPA VALLEY 750ML,nv,37.99,750ml,https://shop.oceanwineandspirits.com/product/210000008315,2.1E+11,
SOUTHERN RIGHT SAUVIGNON BLANC 750ML,nv,16.99,750ml,https://shop.oceanwineandspirits.com/product/210000008316,2.1E+11,
TOZAI JUNMAI LIVING WELL 300ML,nv,5.99,750ml,https://shop.oceanwineandspirits.com/product/210000008317,2.1E+11,
TOZAI WELL OF WISDOM GINJO SAKE 720ML,nv,25.99,750ml,https://shop.oceanwineandspirits.com/product/210000008318,2.1E+11,
FELSINA PAGLIARESE CHIANTI CLASSICO 2019 750ML,2019,19.98,750ml,https://shop.oceanwineandspirits.com/product/210000008319,2.1E+11,
CAKEBREAD CELLARS CHARDONNAY RESERVE 750ML,nv,67.99,750ml,https://shop.oceanwineandspirits.com/product/210000008320,2.1E+11,
KUNDE SAUVIGNON BLANC 750ML,nv,13.98,750ml,https://shop.oceanwineandspirits.com/product/210000008331,2.1E+11,
CH LAROSE TRINTAUDON HAUT MESDOC,nv,26.99,750ml,https://shop.oceanwineandspirits.com/product/210000008334,2.1E+11,
BRUNDLMAYER GRUNER VELTLINER KAMPTAL TERRASSEN 750ML,nv,34.99,750ml,https://shop.oceanwineandspirits.com/product/210000008337,2.1E+11,
HONORO VERA 2020 RED BLEND 750ML,2020,9.99,750ml,https://shop.oceanwineandspirits.com/product/210000008349,2.1E+11,
CANARD DUCHENE ROSE CHARLES VII 750ML,nv,67.99,750ml,https://shop.oceanwineandspirits.com/product/210000008350,2.1E+11,
MEZZACORONA DINOTTE 2018 RED BLEND 750ML,2018,11.99,750ml,https://shop.oceanwineandspirits.com/product/210000008367,2.1E+11,
MEZZACORONA DOMENICA PINOT GRIGIO 750ML,nv,15.99,750ml,https://shop.oceanwineandspirits.com/product/210000008368,2.1E+11,
TAYLOR PORT BLACK 750ML,nv,9.99,750ml,https://shop.oceanwineandspirits.com/product/210000008372,2.1E+11,
CECCHI CHIANTI 2020 750ML,2020,15.99,750ml,https://shop.oceanwineandspirits.com/product/210000008410,2.1E+11,
KIM C LOVEBLOCK MARLBOROUGH NEW ZEALAND,nv,22.99,750ml,https://shop.oceanwineandspirits.com/product/210000008411,2.1E+11,
CIT MORESCANO RED,nv,19.99,750ml,https://shop.oceanwineandspirits.com/product/210000008412,2.1E+11,
KENDALL JACKSON CABERNET SAUVIGNON KENTUCKY DERBY 750ML,nv,16.99,750ml,https://shop.oceanwineandspirits.com/product/210000008431,2.1E+11,
KENDALL JACKSON CHARDONNAY KENTUCKY DERBY 750ML,nv,13.99,750ml,https://shop.oceanwineandspirits.com/product/210000008432,2.1E+11,
BAREFOOT FRUITSCATO MANGO 1.5,nv,0,750ml,https://shop.oceanwineandspirits.com/product/210000008444,2.1E+11,
vietti moscato,nv,15.99,750ml,https://shop.oceanwineandspirits.com/product/210000008450,2.1E+11,
TEXTBOOK CABERNET SAUVIGNON PASO ROBLES 750ML,nv,21.99,750ml,https://shop.oceanwineandspirits.com/product/210000008457,2.1E+11,
Xavier Monnot Bourgogne Pinot noir,nv,54.99,750ml,https://shop.oceanwineandspirits.com/product/210000008458,2.1E+11,
DROUHIN VAUDON CHABLIS RESERVE 750ML,nv,34.99,750ml,https://shop.oceanwineandspirits.com/product/012086322112,12086322112,
ROSCATO TROPICAL SEMI SWEET 750ML,nv,13.99,750ml,https://shop.oceanwineandspirits.com/product/86785110837,86785110837,
BRANCAIA ILATRAIA  2019 750ML,2019,0,750ml,https://shop.oceanwineandspirits.com/product/210000008469,2.1E+11,
Les Glories Sancerre 2021 750ml,2021,0,750ml,https://shop.oceanwineandspirits.com/product/210000008472,2.1E+11,
CUPCAKE PROSECCO 750ML,nv,0,750ml,https://shop.oceanwineandspirits.com/product/210000008474,2.1E+11,
CRAGGY RANGE MARTINBOGH PINOT NOIR 750ML,nv,27.99,750ml,https://shop.oceanwineandspirits.com/product/210000008475,2.1E+11,
MEZZACORONA PINOT GRIGIO 1.5L,nv,13.99,1.5L,https://shop.oceanwineandspirits.com/product/210000008482,2.1E+11,
BELLE GLOS CLARK & TELEPHONE PINOT NOIR  1.5L,nv,0,1.5L,https://shop.oceanwineandspirits.com/product/210000008484,2.1E+11,
JNSQ ROSE CRU 750ML,nv,24.99,750ml,https://shop.oceanwineandspirits.com/product/858732007022,8.58732E+11,
La Chablisienne Chablis La Sereine,nv,0,750ml,https://shop.oceanwineandspirits.com/product/810106780245,8.10107E+11,
Scharffenberger Brut,nv,0,750ml,https://shop.oceanwineandspirits.com/product/097546002001,97546002001,
FRESCOBALDI CASTELGIO BRUNELLO 750ML,nv,59.99,750ml,https://shop.oceanwineandspirits.com/product/210000008502,2.1E+11,
Louis Latour VOLNAY 750ML,nv,92.99,750ml,https://shop.oceanwineandspirits.com/product/026861183836,26861183836,
3.0 LITER FAUST NAPA VALLEY,nv,0,750ml,https://shop.oceanwineandspirits.com/product/210000008504,2.1E+11,
"La Chablisienne Chablis ""Grande Cuvée""",nv,0,750ml,https://shop.oceanwineandspirits.com/product/810106780276,8.10107E+11,
MAZZEI CHIANTI SER LAPO,nv,0,750ml,https://shop.oceanwineandspirits.com/product/086785641423,86785641423,
LA CHABLISIENNE LE FINAGE CHABLIS 750ML,nv,26.99,750ml,https://shop.oceanwineandspirits.com/product/810106780221,8.10107E+11,
DOMAINE ANDERSON,nv,0,750ml,https://shop.oceanwineandspirits.com/product/097546502129,97546502129,
La Chablisienne Chablis La Pierrelee,nv,0,750ml,https://shop.oceanwineandspirits.com/product/810106780238,8.10107E+11,
BAREFOOT FRUITSCATO STRAWBERRY 1.5L,nv,11.99,1.5L,https://shop.oceanwineandspirits.com/product/210000008527,2.1E+11,
CLOS DU BOIS BUTTERY CHARD 750ML,nv,9.99,750ml,https://shop.oceanwineandspirits.com/product/085000034149,85000034149,
CHATEAU LYNCH BAGES 2015,2015,250,750ml,https://shop.oceanwineandspirits.com/product/210000008529,2.1E+11,
"LATOUR PULIGNY 1ER ""MONT SOUS PUITS"" 2020 750ML CS",2020,159.99,750ml,https://shop.oceanwineandspirits.com/product/210000008531,2.1E+11,
REMOISSNET CHAMB MUSIGNY CHARME 750ML  CS,nv,200,750ml,https://shop.oceanwineandspirits.com/product/528382,528382,
Beringer Knights Valley Reserve Cabernet Sauvignon,nv,52.99,750ml,https://shop.oceanwineandspirits.com/product/089819732623,89819732623,
RAEBURN CABERNET SAUVIGNON,nv,0,750ml,https://shop.oceanwineandspirits.com/product/851718000536,8.51718E+11,
ALBRECHT CREMANT BRUT ROSE 750ML,nv,19.99,750ml,https://shop.oceanwineandspirits.com/product/210000008546,2.1E+11,
F. COPPOLA DIAMOND PROSECCO 750ML,nv,13.99,750ml,https://shop.oceanwineandspirits.com/product/210000008549,2.1E+11,
MAISON DE ST MARGUERITE  SYMPHONIE ROSE 750ML,nv,23.99,750ml,https://shop.oceanwineandspirits.com/product/10986011086,10986011086,
GAMBINO CUVEE,nv,0,750ml,https://shop.oceanwineandspirits.com/product/851327005090,8.51327E+11,
DOM PERIGNON BRUT 750ML (W/ GIFT BOX) CS,nv,279.99,750ml,https://shop.oceanwineandspirits.com/product/081753822422,81753822422,
CLOS DES LUNES LUNE D'ARGENT GRAND VIN BLANC SEC BORDEAUX 750ML,nv,18.99,750ml,https://shop.oceanwineandspirits.com/product/3760290641570,3.76029E+12,
NICKEL & NICKEL C.C RANCH 750ML,nv,99.99,750ml,https://shop.oceanwineandspirits.com/product/686014000627,6.86014E+11,
DOMAINE DE CHAMPARLAN SANCERRE 2022 750ML,2022,34.99,750ml,https://shop.oceanwineandspirits.com/product/CHAMPARLAN SANCERRE,CHAMPARLAN SANCERRE,
DOMAINE DE CHAMPARLAN MENETOU-SALON 2022 750ML,2022,25.99,750ml,https://shop.oceanwineandspirits.com/product/MENETOU-SALON,MENETOU-SALON,
CASCINA PIAN D'OR SWEET RED 750ML,nv,14.99,750ml,https://shop.oceanwineandspirits.com/product/855380003048,8.5538E+11,
LA CREMA RUSSIAN RIVER VALLEY CHARDONNAY 750ML,nv,26.99,750ml,https://shop.oceanwineandspirits.com/product/049331002215,49331002215,
MENAGE TROIS SILK,nv,0,750ml,https://shop.oceanwineandspirits.com/product/099988071362,99988071362,
ALLEGRINI LUGANA DOC 750ML,nv,24.99,750ml,https://shop.oceanwineandspirits.com/product/210000008616,2.1E+11,
CHATEAU BUENA VISTA CABERNET SAUVIGNON 750ML,nv,44.99,750ml,https://shop.oceanwineandspirits.com/product/081188107699,81188107699,
LES GRAND MONTAINS LAPORTE SANCERRE 2021 ROSE 750ML,2021,24.99,750ml,https://shop.oceanwineandspirits.com/product/357694006314,3.57694E+11,
Franciscan Chardonnay 750ML,nv,13.99,750ml,https://shop.oceanwineandspirits.com/product/83085200527,83085200527,
GRUET BRUT ROSE 750ML,nv,19.99,750ml,https://shop.oceanwineandspirits.com/product/701253006008,7.01253E+11,
PERRIN SINARDS 750ML,nv,0,750ml,https://shop.oceanwineandspirits.com/product/631471000383,6.31471E+11,
PIEROPAN CALVARINO 750ML,nv,39.99,750ml,https://shop.oceanwineandspirits.com/product/657875000071,6.57875E+11,
LORIN  ROSSO DI MONTALCINO,nv,0,750ml,https://shop.oceanwineandspirits.com/product/8014179015248,8.01418E+12,
LORINI BRUNELLO DI MONTALCINO,nv,0,750ml,https://shop.oceanwineandspirits.com/product/210000008638,2.1E+11,
Lorini Chianti,nv,0,750ml,https://shop.oceanwineandspirits.com/product/8001319011338,8.00132E+12,
Antonin Rodet Mâcon-Villages,nv,0,750ml,https://shop.oceanwineandspirits.com/product/210000008640,2.1E+11,
Antonin Rodet Pouilly-Fuissé,nv,0,750ml,https://shop.oceanwineandspirits.com/product/210000008641,2.1E+11,
Antonin Rodet Beaujolais-Villages,nv,0,750ml,https://shop.oceanwineandspirits.com/product/210000008642,2.1E+11,
LOUIS FUSAIN CHABLIS,nv,0,750ml,https://shop.oceanwineandspirits.com/product/3492240120520,3.49224E+12,
Henry Fessy Cuvée Baronne Vincent Châteauneuf du Pape,nv,0,750ml,https://shop.oceanwineandspirits.com/product/088101428992,88101428992,
VIRNA BORGOGNO BAROLO,nv,0,750ml,https://shop.oceanwineandspirits.com/product/0850049212106,8.50049E+11,
LABRUNE PINOT NOIR,nv,0,750ml,https://shop.oceanwineandspirits.com/product/641586337625,6.41586E+11,
FRANCISCAN ESTATE SAUVIGNON BLANC 750ML,nv,13.99,750ml,https://shop.oceanwineandspirits.com/product/83085908126,83085908126,
LAPOSTOLLE CLOS APALTA RED BLEND 2019 750ML  CS,2019,159.99,750ml,https://shop.oceanwineandspirits.com/product/7804387001314,7.80439E+12,
JAYSON PAHLMEYER SAUVIGNON BLANC 750ML,nv,34.99,750ml,https://shop.oceanwineandspirits.com/product/210000008682,2.1E+11,
I PERAZZI LA MOZZA 2016 750ML,2016,0,750ml,https://shop.oceanwineandspirits.com/product/210000008683,2.1E+11,
SALTON INTENSO 750ML,nv,18.99,750ml,https://shop.oceanwineandspirits.com/product/210000008698,2.1E+11,
SANTENAY BLANC 2019 750ML,2019,36.99,750ml,https://shop.oceanwineandspirits.com/product/210000008699,2.1E+11,
ARNAUD GERMAIN PERE ET FILS  2021 PULIGNY MONTRACHET 750ML,2021,85.99,750ml,https://shop.oceanwineandspirits.com/product/210000008700,2.1E+11,
CALAZUL ALBARINO 2022 750ML,2022,17.99,750ml,https://shop.oceanwineandspirits.com/product/210000008701,2.1E+11,
DOMAINE DANIEL POLLIER MACON FUISSE 2020 750ML,2020,17.99,750ml,https://shop.oceanwineandspirits.com/product/210000008702,2.1E+11,
KLINKER BRINK 2022 ALBARINO 750ML,2022,17.99,750ml,https://shop.oceanwineandspirits.com/product/210000008703,2.1E+11,
Bourbon Barrel Aged Cabernet Sauv,nv,0,750ml,https://shop.oceanwineandspirits.com/product/210000008705,2.1E+11,
Taylor Fladgate  40yr,nv,0,750ml,https://shop.oceanwineandspirits.com/product/210000008706,2.1E+11,
L'ECOLE CABERNET SAUVIGNON WALLA WALLA 750ML,nv,45.99,750ml,https://shop.oceanwineandspirits.com/product/210000008709,2.1E+11,
BLEDSOE WALLA WALLA VALLEY CABERNET SAUVIGNON 750ML,nv,37.99,750ml,https://shop.oceanwineandspirits.com/product/210000008710,2.1E+11,
LEONETTI CABERNET SAUVIGNON 2020 WALLA WALLA 750ML CS,2020,139.99,750ml,https://shop.oceanwineandspirits.com/product/LEONETTI CAB,LEONETTI CAB,
PAUL BUISSE CREMANT DE LOIRE BRUT 750ML,nv,19.99,750ml,https://shop.oceanwineandspirits.com/product/210000008750,2.1E+11,
CHATEAU DE SAINT COSME 750ML,nv,29.99,750ml,https://shop.oceanwineandspirits.com/product/210000008751,2.1E+11,
Barefoot Pinot Grigio 187,nv,0,750ml,https://shop.oceanwineandspirits.com/product/210000008767,2.1E+11,
BAREFOOT PINOT GRIGIO 187,nv,0,750ml,https://shop.oceanwineandspirits.com/product/210000008768,2.1E+11,
STELLA ROSA MOSCATO,nv,11.99,750ml,https://shop.oceanwineandspirits.com/product/087872630603,87872630603,
DECOY PINOT NOIR LIMITED 21 750ML,nv,23.99,750ml,https://shop.oceanwineandspirits.com/product/210000008780,2.1E+11,
CAYMUS SUISUN WALKING FOOL RED 750ML,nv,34.99,750ml,https://shop.oceanwineandspirits.com/product/210000008781,2.1E+11,
MEIOMI BRIGHT RED PINOT NOIR 750ML,nv,20.99,750ml,https://shop.oceanwineandspirits.com/product/210000008782,2.1E+11,
BERTRAND ORANGE GOLD ORG 80 750ML,nv,22.99,750ml,https://shop.oceanwineandspirits.com/product/210000008801,2.1E+11,
CAYMUS VINYARDS CABERNET SAUVIGNON GOLD 750ML,nv,64.99,750ml,https://shop.oceanwineandspirits.com/product/210000008812,2.1E+11,
CARPINETO BRUNELLO 750ML,nv,59.99,750ml,https://shop.oceanwineandspirits.com/product/080175199594,80175199594,
Carpineto Dogajolo Toscana IGT 750ML,nv,11.99,750ml,https://shop.oceanwineandspirits.com/product/080175593750,80175593750,
CHAMISAL CHARDONNAY 750ML,nv,16.99,750ml,https://shop.oceanwineandspirits.com/product/857885000294,8.57885E+11,
ODETTE 2019 CABERNET SAUVIGNON 750ML CS,2019,182.99,750ml,https://shop.oceanwineandspirits.com/product/210000008822,2.1E+11,
CHAMISAL PINOT NOIR 750ML,nv,0,750ml,https://shop.oceanwineandspirits.com/product/210000008823,2.1E+11,
STONELEIGH SAUVIGNON BLANC 750ML,nv,14.99,750ml,https://shop.oceanwineandspirits.com/product/82242017053,82242017053,
Carpineto Toscana Dogajolo Rosso,nv,0,750ml,https://shop.oceanwineandspirits.com/product/210000008825,2.1E+11,
GHOST BLOCK ZINFANDEL PELISSA VNYD 750ML,nv,44.99,750ml,https://shop.oceanwineandspirits.com/product/210000008830,2.1E+11,
CHAMISAL PINOT NOIR 750ML,nv,19.99,750ml,https://shop.oceanwineandspirits.com/product/857885000003,8.57885E+11,
FLOWERS SEAVIEW RIDGE 2021 PINOT NOIR 750ML,2021,0,750ml,https://shop.oceanwineandspirits.com/product/210000008852,2.1E+11,
MARCHESI DI BAROLO BARBERA RUVEI 750ML,nv,23.99,750ml,https://shop.oceanwineandspirits.com/product/210000008853,2.1E+11,
BENTON LANE PINOT NOIR 750ML,nv,39.99,750ml,https://shop.oceanwineandspirits.com/product/210000008854,2.1E+11,
FAUST CABERNET SAUVIGNON 1.5L CS,nv,149.99,1.5L,https://shop.oceanwineandspirits.com/product/210000008856,2.1E+11,
NICKEL & NICKEL DECARLE CABERNET SAUVIGNON 750ML,nv,103.99,750ml,https://shop.oceanwineandspirits.com/product/210000008858,2.1E+11,
THE PALE ROSE 750ML,nv,17.99,750ml,https://shop.oceanwineandspirits.com/product/210000008859,2.1E+11,
NICKEL & NICKEL VACA VISTA CABERNET SAUVIGNON 750ML,nv,99.99,750ml,https://shop.oceanwineandspirits.com/product/210000008860,2.1E+11,
FREAKSHOW RED,nv,0,750ml,https://shop.oceanwineandspirits.com/product/652935100432,6.52935E+11,
KENDALL-JACKSON APPELLATION SERIES CHARD 2018 750ML,2018,11.99,750ml,https://shop.oceanwineandspirits.com/product/081584014232,81584014232,
KENDALL-JACKSON LOW CALORIE CHARD 750ML,nv,14.99,750ml,https://shop.oceanwineandspirits.com/product/081584014294,81584014294,
LA CREMA RUSSIAN RIVER VALLEY PINOT NOIR,nv,35.99,750ml,https://shop.oceanwineandspirits.com/product/049331002314,49331002314,
Castiglion del Bosco Brunello di Montalcino,nv,81.99,750ml,https://shop.oceanwineandspirits.com/product/210000008868,2.1E+11,
BURGANS ALBARINO,nv,0,750ml,https://shop.oceanwineandspirits.com/product/637789336749,6.37789E+11,
Cune Rioja Crianza,nv,0,750ml,https://shop.oceanwineandspirits.com/product/051497037444,51497037444,
DOMAINE DE LA TOUR DU BON BANDOL ROUGE 750ML,nv,49.99,750ml,https://shop.oceanwineandspirits.com/product/210000008884,2.1E+11,
DOMAINE DE LA TOUR DU BON BANDOL ROSE 750ML,nv,31.99,750ml,https://shop.oceanwineandspirits.com/product/210000008885,2.1E+11,
CHATEAU DE FONTENILLE BORDEAUX ROUGE 750ML,nv,17.99,750ml,https://shop.oceanwineandspirits.com/product/210000008886,2.1E+11,
FANTASTIQUE  CHATEAU SAINTE MARGUERITE CRU CLASSE 750ML CS,nv,270,750ml,https://shop.oceanwineandspirits.com/product/010986010931,10986010931,
BLACK STALLION HERITAGE CABERNAT 750ML,nv,27.99,750ml,https://shop.oceanwineandspirits.com/product/210000008923,2.1E+11,
St. Francis Buttery Chardonnay  Sonoma County 2022 750ML,2022,17.99,750ml,https://shop.oceanwineandspirits.com/product/088534002523,88534002523,
yellow tail wine,nv,0,750ml,https://shop.oceanwineandspirits.com/product/210000008927,2.1E+11,
yellowtail pinot grigio,nv,0,750ml,https://shop.oceanwineandspirits.com/product/210000008928,2.1E+11,
yellowtail chardonnay,nv,0,750ml,https://shop.oceanwineandspirits.com/product/210000008929,2.1E+11,
CASTIGLION DEL BOSCO BRUNELLO DI MONTALCINO 750ML,nv,67.99,750ml,https://shop.oceanwineandspirits.com/product/8027185218114,8.02719E+12,
YELLOWTAIL CHARD 1.5,nv,0,750ml,https://shop.oceanwineandspirits.com/product/031259008936,31259008936,
YELLOWTAIL MERLOT 1.5,nv,0,750ml,https://shop.oceanwineandspirits.com/product/031259009230,31259009230,
YELLOW TAIL PINOT GRIGIO 1.5,nv,0,750ml,https://shop.oceanwineandspirits.com/product/031259009728,31259009728,
BREAD & BUTTER PINOT NOIR 750ML,nv,13.99,750ml,https://shop.oceanwineandspirits.com/product/210000008949,2.1E+11,
BUJANDA VIURA 2021 RIOJA 750ML,2021,11.99,750ml,https://shop.oceanwineandspirits.com/product/210000008955,2.1E+11,
POLVORETE EMILIO MORO GODELLO 2021 750ML,2021,16.99,750ml,https://shop.oceanwineandspirits.com/product/210000008957,2.1E+11,
FINCA MARTELO RIOJA RESERVA 2015 750ML,2015,36.99,750ml,https://shop.oceanwineandspirits.com/product/210000008959,2.1E+11,
ARGIOLAS  CANNONAU 2021 COSTERA 750ML,2021,17.99,750ml,https://shop.oceanwineandspirits.com/product/210000008960,2.1E+11,
ARGIOLAS VERMENTINO COSTAMOLINO 750ML,nv,14.99,750ml,https://shop.oceanwineandspirits.com/product/210000008961,2.1E+11,
BV CABERNET SAUVIGNON LATOUR PRIVATE RSV  2019 750ML CS,2019,169.99,750ml,https://shop.oceanwineandspirits.com/product/80696001116,80696001116,
BV CABERNET SAUVIGNON NAPA 750ML,nv,39.99,750ml,https://shop.oceanwineandspirits.com/product/210000008965,2.1E+11,
CHEVALIER DE LA CREE 1ER 2020 750ML,2020,39.99,750ml,https://shop.oceanwineandspirits.com/product/210000008966,2.1E+11,
THE VICE CABERNET SAUVIGNON 750ML,nv,30.99,750ml,https://shop.oceanwineandspirits.com/product/210000008967,2.1E+11,
HESS MVRK CABERNET SAUVIGNON 750ML,nv,29.99,750ml,https://shop.oceanwineandspirits.com/product/210000008968,2.1E+11,
PRIDE MOUNTAIN CABERNET SAUVIGNON 750ML 2019 CS,2019,89.99,750ml,https://shop.oceanwineandspirits.com/product/210000008969,2.1E+11,
THE VICE SAUVIGNON BLANC 750ML,nv,23.99,750ml,https://shop.oceanwineandspirits.com/product/210000008970,2.1E+11,
ORNELLAIA LE SERRE 2020 NUOVE 750ML,2020,69.99,750ml,https://shop.oceanwineandspirits.com/product/210000008971,2.1E+11,
ORNELLAIA 2022 750ML CS,2022,279.99,750ml,https://shop.oceanwineandspirits.com/product/210000008972,2.1E+11,
FAMIGLIA CASTELLANI RISERVA 2017 750ML,2017,14.99,750ml,https://shop.oceanwineandspirits.com/product/015643555039,15643555039,
KITH & KIN CABERNET SAUVIGNON 750ML,nv,39.99,750ml,https://shop.oceanwineandspirits.com/product/210000009010,2.1E+11,
JOSEPH CARR  NAPA CABERNET SAUVIGNON 750ML,nv,27.99,750ml,https://shop.oceanwineandspirits.com/product/210000009013,2.1E+11,
CONDRIEU BROTTE DORE WHITE   2021 750ML CS,2021,48.99,750ml,https://shop.oceanwineandspirits.com/product/210000009015,2.1E+11,
TINTO PESQUERA RESERVA RED 750ML,nv,59.99,750ml,https://shop.oceanwineandspirits.com/product/210000009016,2.1E+11,
MERUM PRIORATI INICI 2019 RED 750ML,2019,31.99,750ml,https://shop.oceanwineandspirits.com/product/210000009017,2.1E+11,
CHATEAU DE LA BOTTIERE JULIENAS RED 750ML,nv,19.99,750ml,https://shop.oceanwineandspirits.com/product/210000009018,2.1E+11,
DOMAINE GAGET COTE DU PY MORGON RED 750ML,nv,24.99,750ml,https://shop.oceanwineandspirits.com/product/210000009019,2.1E+11,
DOMAINE GILLES COPERET BROUILLY SABURIM RED 750ML,nv,21.99,750ml,https://shop.oceanwineandspirits.com/product/210000009020,2.1E+11,
GUIGAL CONDRIEU 2020 750ML CS,2020,77.99,750ml,https://shop.oceanwineandspirits.com/product/210000009026,2.1E+11,
CAVIT CLOUD 90 PINOT GRIGIO 750ML,nv,10.99,750ml,https://shop.oceanwineandspirits.com/product/86785582887,86785582887,
J.LOHR CABERNET SAUVIGNON HILLTOP 750ML,nv,29.99,750ml,https://shop.oceanwineandspirits.com/product/210000009038,2.1E+11,
LA GRAND DAME 2015 750ML,2015,0,750ml,https://shop.oceanwineandspirits.com/product/210000009040,2.1E+11,
SCHRADER CAB SAUV RBS 2018 750ML CS,2018,599.99,750ml,https://shop.oceanwineandspirits.com/product/210000009053,2.1E+11,
QUERCIABELLA CHIANTI CLASSICO 2019 750ML,2019,42.99,750ml,https://shop.oceanwineandspirits.com/product/8031481004951,8.03148E+12,
DOMAINE SYLVAIN SANCERRE 750ML,nv,28.99,750ml,https://shop.oceanwineandspirits.com/product/210000009062,2.1E+11,
TINTO PESQUERA RIBERA DEL DUERO CRAINZA 750ML,nv,32.99,750ml,https://shop.oceanwineandspirits.com/product/877397004979,8.77397E+11,
SUR DE LOS ANDES CABERNET FRANC RESERVA 750ML,nv,14.99,750ml,https://shop.oceanwineandspirits.com/product/210000009065,2.1E+11,
SWANSON CABERNET SAUVIGNON NAPA 750ML,nv,29.99,750ml,https://shop.oceanwineandspirits.com/product/SWANSONCAB,SWANSONCAB,
KIM CRAWFORD ILLUMINATE ROSE 750ML,nv,16.99,750ml,https://shop.oceanwineandspirits.com/product/689352010099,6.89352E+11,
JOEL GOTT PINOT NOIR WILLAMETTE 750ML,nv,25.99,750ml,https://shop.oceanwineandspirits.com/product/188985000670,1.88985E+11,
JOEL GOTT SANTA BARBARA 750ML,nv,20.99,750ml,https://shop.oceanwineandspirits.com/product/188985000298,1.88985E+11,
HONORO VERA 2021 CABERNET SAUVIGNON 750ML,2021,9.99,750ml,https://shop.oceanwineandspirits.com/product/210000009106,2.1E+11,
HONORO VERA WHITE 750ML,nv,9.99,750ml,https://shop.oceanwineandspirits.com/product/210000009107,2.1E+11,
MOET & CHANDON NECTAR 750ML,nv,0,750ml,https://shop.oceanwineandspirits.com/product/210000009123,2.1E+11,
MEIOMI RED BLEND 750ML,nv,20.99,750ml,https://shop.oceanwineandspirits.com/product/086003251311,86003251311,
Dom Perignon Vintage 1999 750ml,1999,594.99,750ml,https://shop.oceanwineandspirits.com/product/210000009153,2.1E+11,
STELLS ROSE TROPICAL MANGO MOSCATO 750ML,nv,11.99,750ml,https://shop.oceanwineandspirits.com/product/087872633956,87872633956,
DOMAINE CARNEROS TAITTINGER  BRUT,nv,35.99,750ml,https://shop.oceanwineandspirits.com/product/084692505746,84692505746,
SCHRADER CAB SAUV HERITAGE CLONE 2018 750ML CS,2018,599.99,750ml,https://shop.oceanwineandspirits.com/product/210000009164,2.1E+11,
DAMILANO LANGHE ARNEIS 750ML,nv,24.99,750ml,https://shop.oceanwineandspirits.com/product/210000009167,2.1E+11,
PALMES D'OR CHAMPAGNE BRUT ROSE 750ML. CS,nv,203.99,750ml,https://shop.oceanwineandspirits.com/product/088586004100,88586004100,
JUSTIN ISOSCELES,nv,0,750ml,https://shop.oceanwineandspirits.com/product/733952981508,7.33953E+11,
ENROUTE CHARDONNAY BRUMAIRE 750ML,nv,48.99,750ml,https://shop.oceanwineandspirits.com/product/899055002134,8.99055E+11,
NICKEL & NICKEL FOG BREAK,nv,0,750ml,https://shop.oceanwineandspirits.com/product/686014000788,6.86014E+11,
PENNER-ASH PINOT NOIR 750ML,nv,59.99,750ml,https://shop.oceanwineandspirits.com/product/857187002026,8.57187E+11,
DOMAINE ROULET ARBOIS ROUGE TRADITION 750ML,nv,24.99,750ml,https://shop.oceanwineandspirits.com/product/210000009181,2.1E+11,
MIRABEAU EN PROVENCE ROSE 750ML,nv,12.99,750ml,https://shop.oceanwineandspirits.com/product/3760010530023,3.76001E+12,
PEYRASSOL LES COMMANDEURS 750ML,nv,24.99,750ml,https://shop.oceanwineandspirits.com/product/210000009185,2.1E+11,
JARVIS CABARNET SAUVIGNON 750ML,nv,0,750ml,https://shop.oceanwineandspirits.com/product/JARVIS 2016,JARVIS 2016,
DIATOM CHARDONNAY SANTA BARBARA 750ML,nv,19.99,750ml,https://shop.oceanwineandspirits.com/product/210000009188,2.1E+11,
FIRESTEED PINOT NOIR 750ML,nv,11.99,750ml,https://shop.oceanwineandspirits.com/product/753526100005,7.53526E+11,
J LOHR CABERNET SAUVIGNON 375ML,nv,11.99,375ml,https://shop.oceanwineandspirits.com/product/210000009242,2.1E+11,
J LOHR RIVERSTONE CHARDONNAY 375ML,nv,10.99,375ml,https://shop.oceanwineandspirits.com/product/210000009243,2.1E+11,
SANTA MARGHERITA PINOT GRIGIO 375ML,nv,15.99,375ml,https://shop.oceanwineandspirits.com/product/210000009244,2.1E+11,
STELLA ROSA WATERMELON 750ML,nv,11.99,750ml,https://shop.oceanwineandspirits.com/product/087872638425,87872638425,
MOET & CHANDON IMPERIAL BRUT 375ML,nv,34.99,375ml,https://shop.oceanwineandspirits.com/product/210000009383,2.1E+11,
MIONETTO PROSECCO BRUT 187ML,nv,5.99,187ml,https://shop.oceanwineandspirits.com/product/727760501201,7.27761E+11,
FERRARI TRENTO ROSE 750ML,nv,39.99,750ml,https://shop.oceanwineandspirits.com/product/086785180144,86785180144,
LAURENT - PERRIER GRAND SIECLE  N 23 1.5L CS,nv,560,1.5L,https://shop.oceanwineandspirits.com/product/084878182006,84878182006,
LAURNT-PERRIER GRAND SIECLE N 26 750ML CS,nv,266,750ml,https://shop.oceanwineandspirits.com/product/084878199806,84878199806,
OBERON PASO ROBLES CABERNET SAUVIGNON 750ML,nv,21.99,750ml,https://shop.oceanwineandspirits.com/product/210000009472,2.1E+11,
GRAFFIGNA MALBEC GLORIOUS SEL 750ML,nv,0,750ml,https://shop.oceanwineandspirits.com/product/210000009480,2.1E+11,
TYKU SAKE JUNMAI GINJO BLACK 330ML,nv,12.99,750ml,https://shop.oceanwineandspirits.com/product/210000009482,2.1E+11,
VEUVE CLICQUOT BRUT YELLOW LABEL 750ML (NO BOX),nv,54.99,750ml,https://shop.oceanwineandspirits.com/product/081753050207,81753050207,
DOM PERIGNON BRUT 750ML (NO BOX) CS,nv,279.99,750ml,https://shop.oceanwineandspirits.com/product/081753811020,81753811020,
MOET&CHANDON BRUT IMPERIAL (NO BOX) 750ML,nv,39.99,750ml,https://shop.oceanwineandspirits.com/product/210000009497,2.1E+11,
ROEDERER ESTATE BRUT 1.5L CS,nv,69.99,1.5L,https://shop.oceanwineandspirits.com/product/097546104002,97546104002,
VICTORIOUS PINK SPARKLING ROSE 750ML,nv,20.99,750ml,https://shop.oceanwineandspirits.com/product/736040004424,7.3604E+11,
CARMENET CABERNET SAUVIGNON RSV 750ML,nv,10.99,750ml,https://shop.oceanwineandspirits.com/product/081054814355,81054814355,
DAOU PASO ROBLES ROSE 750ML,nv,16.99,750ml,https://shop.oceanwineandspirits.com/product/850008182020,8.50008E+11,
CITRA PINOT GRIGIO 1.5L,nv,0,1.5L,https://shop.oceanwineandspirits.com/product/089744771230,89744771230,
FITVINE PINOT GRIGIO 750ML,nv,14.99,750ml,https://shop.oceanwineandspirits.com/product/210000009573,2.1E+11,
BODEGA LANZAGA 2021 CORRIENTE 750ML,2021,22.99,750ml,https://shop.oceanwineandspirits.com/product/210000009602,2.1E+11,
LANGUAGE OF YES 2020 GRENACHE SMV 750ML,2020,38.99,750ml,https://shop.oceanwineandspirits.com/product/210000009603,2.1E+11,
LANGUAGE OF YES SYRAH SMV 750ML,nv,34.99,750ml,https://shop.oceanwineandspirits.com/product/210000009604,2.1E+11,
VELENOSI PECORINO 750ML,nv,19.99,750ml,https://shop.oceanwineandspirits.com/product/8025127001909,8.02513E+12,
DRYLANDS SAUVIGNON BLANC 750ML,nv,18.99,750ml,https://shop.oceanwineandspirits.com/product/210000009640,2.1E+11,
LOUIS ROEDERER CRISTAL 2015  750ML (NO BOX) CS,2015,413.99,750ml,https://shop.oceanwineandspirits.com/product/734599701559,7.346E+11,
LOUIS ROEDERER CRISTAL ROSE 2013 CS,2013,749.99,750ml,https://shop.oceanwineandspirits.com/product/734599821356,7.346E+11,
LOUIS ROEDERER CRISTAL 2015 (W/ GIFT BOX) 750ML CS,2015,417.99,750ml,https://shop.oceanwineandspirits.com/product/734599721557,7.346E+11,
LOUIS ROEDERER ROSE CRISTAL 2013 (NO BOX) 750ML CS,2013,749.99,750ml,https://shop.oceanwineandspirits.com/product/734599801358,7.346E+11,
KIM CRAWFORD FRENCH ROSE 750ML,nv,19.99,750ml,https://shop.oceanwineandspirits.com/product/210000009655,2.1E+11,
DOMINUS NAPA VALLEY RED BLEND 750ML 2020 CS,2020,376.99,750ml,https://shop.oceanwineandspirits.com/product/636595120757,6.36595E+11,
WOODBRIDGE SESSIONS SAUVIGNON BLANC 750ML,nv,6.99,750ml,https://shop.oceanwineandspirits.com/product/210000009698,2.1E+11,
ROLAND LAVANTUREAUX CHABLIS VAUDESIR GRAND CRU 2021,2021,134.99,750ml,https://shop.oceanwineandspirits.com/product/210000009742,2.1E+11,
BILLECART-SALMON BRUT ROSE 2009 750ML  CS,2009,209.99,750ml,https://shop.oceanwineandspirits.com/product/210000009750,2.1E+11,
ARMAND DE BRIGNAC BRUT ROSE BAG 1.5L CS,nv,999.99,1.5L,https://shop.oceanwineandspirits.com/product/210000009754,2.1E+11,
ARMAND DE BRIGNAC BRUT BAG  1.5L CS,nv,749.99,1.5L,https://shop.oceanwineandspirits.com/product/210000009756,2.1E+11,
WENTE VINEYARDS MORNING FOG CHARDONNAY 750ML,nv,21.99,750ml,https://shop.oceanwineandspirits.com/product/210000009836,2.1E+11,
William Fevre Domaine Chablis,nv,37.99,750ml,https://shop.oceanwineandspirits.com/product/210000009837,2.1E+11,
CLOS ERASMUS 750ML 2015 CS,2015,225.99,750ml,https://shop.oceanwineandspirits.com/product/210000009842,2.1E+11,
BILLECART-SALMON ETRA BRUT VINTAGE 2016 750ML,2016,123.99,750ml,https://shop.oceanwineandspirits.com/product/210000009851,2.1E+11,
ANTINORI TIGNANELLO ITALY 750ML 2021,2021,179.99,750ml,https://shop.oceanwineandspirits.com/product/088586002465,88586002465,
HIGHLANDS FORTY-ONE BLACK GRANITE RED 750ML,nv,13.99,750ml,https://shop.oceanwineandspirits.com/product/210000009881,2.1E+11,
VEGA-SICILIA VALBUENA 5 ANNO 2012 750ML CS,2012,179.99,750ml,https://shop.oceanwineandspirits.com/product/097985152442,97985152442,
OPUS ONE 1999 750ML CS,1999,699.99,750ml,https://shop.oceanwineandspirits.com/product/OPUS1999,OPUS1999,
OPUS ONE 2001 750ML CS,2001,699.99,750ml,https://shop.oceanwineandspirits.com/product/OPUS2001,OPUS2001,
LA CANA 2022 ALBARINO 750ML,2022,17.99,750ml,https://shop.oceanwineandspirits.com/product/8437011898012,8.43701E+12,
BANFI ASKA 2019 BOLGHERI ROSSO 750ML,2019,34.99,750ml,https://shop.oceanwineandspirits.com/product/210000009920,2.1E+11,
SCHALLER CHABLIS 2021 750ML,2021,29.99,750ml,https://shop.oceanwineandspirits.com/product/210000009931,2.1E+11,
BONTERRA ORGANIC 2023 SAUVIGNON BLANC 750ML,2023,13.99,750ml,https://shop.oceanwineandspirits.com/product/210000009934,2.1E+11,
EMBRUIX 2019 VALL DE LLACHC 750ML,2019,25.99,750ml,https://shop.oceanwineandspirits.com/product/087739700103,87739700103,
MOREY-SAINT-DENIS 2015 BORGOGNE 750ML,2015,59.99,750ml,https://shop.oceanwineandspirits.com/product/MOREY 2015,MOREY 2015,
SIGNORELLO PADRONE PROPRIETARY BLEND 750ML 2012,2012,159.99,750ml,https://shop.oceanwineandspirits.com/product/752183270465,7.52183E+11,
SIGNORELLO PADRONE CABERNET SAUVIGNON 750ML 2014 CS,2014,159.99,750ml,https://shop.oceanwineandspirits.com/product/752183270465,7.52183E+11,
LOUIS ROEDERER CHAMPAGNE BRUT COLLECTION 244 750ML,nv,64.99,750ml,https://shop.oceanwineandspirits.com/product/210000009993,2.1E+11,
REAL GUAVA PUREE 500ML,nv,7.99,500ml,https://shop.oceanwineandspirits.com/product/070491118096,70491118096,
OLEMA SAUVIGNON BLANC 2022 750ML,2022,14.99,750ml,https://shop.oceanwineandspirits.com/product/210000010062,2.1E+11,
BOARD TRACK RACER THE CHIEF CABERNET SAUVIGNON,nv,31.99,750ml,https://shop.oceanwineandspirits.com/product/210000010064,2.1E+11,
BOTA BOX BREEZE PINOT GRIGIO LOW CALORIES 3L,nv,19.99,3L,https://shop.oceanwineandspirits.com/product/210000010072,2.1E+11,
LOUIS JADOT CHARDONNAY BOURGOGNE 750ML,nv,15.99,750ml,https://shop.oceanwineandspirits.com/product/210000010078,2.1E+11,
DOMAINE JOSEPH PASCAL PULIGNY MONTRACHET LES ENSEIGNERES 2022 750ML,2022,106.99,750ml,https://shop.oceanwineandspirits.com/product/JOSEPH PULIGNY,JOSEPH PULIGNY,
ENROUTE LES POMMIERES PINOT NOIR 750ML,nv,49.99,750ml,https://shop.oceanwineandspirits.com/product/210000010168,2.1E+11,
PLUMP JACK CHARDONNAY 750ML,nv,62.99,750ml,https://shop.oceanwineandspirits.com/product/PLUMPJACK,PLUMPJACK,
CHOCOVINE DUTCH CHOCOLATE 750ML,nv,0,750ml,https://shop.oceanwineandspirits.com/product/210000010203,2.1E+11,
ALLESVERLOREN TRES VERMELHOS 2020,2020,39.99,750ml,https://shop.oceanwineandspirits.com/product/210000010214,2.1E+11,
MISCHA ACCORDANCE S.AFRICAN BORDEAUX,nv,15.99,750ml,https://shop.oceanwineandspirits.com/product/210000010215,2.1E+11,
SANTA MARGHERITA ROSE 750ML,nv,21.99,750ml,https://shop.oceanwineandspirits.com/product/210000010219,2.1E+11,
DOMAINES OTT CHATEAU ROMASSAN 1.5L,nv,66.99,1.5L,https://shop.oceanwineandspirits.com/product/210000010231,2.1E+11,
STELLA ROSA RED APPLE 750ML,nv,11.99,750ml,https://shop.oceanwineandspirits.com/product/210000010247,2.1E+11,
CHATEAU PEYRAT GRAVES 2019,2019,18.99,750ml,https://shop.oceanwineandspirits.com/product/210000010249,2.1E+11,
CROIX CANNON ST. EMILION GCRU 2106,nv,65.99,750ml,https://shop.oceanwineandspirits.com/product/210000010251,2.1E+11,
THE CALLING PASO ROBLES  CAB SAUV 750ML,nv,23.99,750ml,https://shop.oceanwineandspirits.com/product/210000010257,2.1E+11,
MAISON NOIR CAB SAUV SHEEP CLOTH 750ML,nv,17.99,750ml,https://shop.oceanwineandspirits.com/product/856782007252,8.56782E+11,
VIARAE PRESECCO 750ML,nv,22.99,750ml,https://shop.oceanwineandspirits.com/product/210000010315,2.1E+11,
ISOLE E OLENA CHIANTI CLASSICO 750ML,nv,31.99,750ml,https://shop.oceanwineandspirits.com/product/210000010317,2.1E+11,
TURLEY CABERNET SAUVIGNON NAPA 750ML,nv,69.99,750ml,https://shop.oceanwineandspirits.com/product/210000010318,2.1E+11,
SOTO PREM JUNMAI SAKE 720ML,nv,21.99,750ml,https://shop.oceanwineandspirits.com/product/210000010375,2.1E+11,
DOMAINE FOUCHER LE MONT SANCERRE 750ML,nv,32.99,750ml,https://shop.oceanwineandspirits.com/product/210000010379,2.1E+11,
MICHELE SATTA BOLGHERI BLANCO COSTA DI GIULA 2021 750ML,2021,32.99,750ml,https://shop.oceanwineandspirits.com/product/210000010380,2.1E+11,
FIGGINS FIGLIA WALLA WALLA  VALLEY 750ML,nv,59.99,750ml,https://shop.oceanwineandspirits.com/product/FIGLIA750ML,FIGLIA750ML,
CHATEAU PAPE CLEMENT 2008 750 ML,2008,170,750ml,https://shop.oceanwineandspirits.com/product/210000010405,2.1E+11,
CHATEAU PAPE CLEMENT 2009 750ML,2009,307,750ml,https://shop.oceanwineandspirits.com/product/210000010406,2.1E+11,
CHATEAU CANON 2016 750ML,2016,0,750ml,https://shop.oceanwineandspirits.com/product/210000010407,2.1E+11,
CAYMUS SPECIAL SELECT MAGNUM 2012,2012,0,750ml,https://shop.oceanwineandspirits.com/product/210000010408,2.1E+11,
CHATEAU PETRUS 2010 750ML,2010,6783,750ml,https://shop.oceanwineandspirits.com/product/210000010409,2.1E+11,
CHATEAU LAFITE - ROTHSCHILD 2005 750ML,2005,1463,750ml,https://shop.oceanwineandspirits.com/product/210000010410,2.1E+11,
CHATEAU LAFITE-ROTHSCHILD 2010 750ML,2010,1463,750ml,https://shop.oceanwineandspirits.com/product/210000010411,2.1E+11,
CHATEAU HAUT - BRION 2003 750ML,2003,798,750ml,https://shop.oceanwineandspirits.com/product/210000010412,2.1E+11,
CHATEAU HAUT-BRION 2010 750ML,2010,1463,750ml,https://shop.oceanwineandspirits.com/product/210000010414,2.1E+11,
ORNELLIAIA 2002 750ML,2002,333,750ml,https://shop.oceanwineandspirits.com/product/210000010415,2.1E+11,
PERRIER JOUET EPOQUE BRUT 2000 375ML,2000,133,375ml,https://shop.oceanwineandspirits.com/product/210000010416,2.1E+11,
DOMAINE FONT MARS PICPOUL DE PINET 2023 750ML,2023,17.99,750ml,https://shop.oceanwineandspirits.com/product/210000010417,2.1E+11,
TALBOT CONNETABLE  2018 750 ML,2018,52.99,750ml,https://shop.oceanwineandspirits.com/product/607921033119,6.07921E+11,
LA CROIX DUCRU-BEAUCAILLOU 2018 750ML,2018,85.99,750ml,https://shop.oceanwineandspirits.com/product/210000010419,2.1E+11,
BLINDFOLD BLANC DE NOIR 750ML,nv,34.99,750ml,https://shop.oceanwineandspirits.com/product/210000010420,2.1E+11,
KIM CRAWFORD SPARKLING ILLUMINATE 750ML,nv,19.99,750ml,https://shop.oceanwineandspirits.com/product/689352010280,6.89352E+11,
VINT ROBERT MONDAVI CHARDONNAY  750ML,nv,16.99,750ml,https://shop.oceanwineandspirits.com/product/086003780446,86003780446,
VINT ROBERT MONDAVI CABERNET SAUVIGNON 750ML,nv,16.99,750ml,https://shop.oceanwineandspirits.com/product/086003780439,86003780439,
BERTANI AMARONE 750ML,nv,129.99,750ml,https://shop.oceanwineandspirits.com/product/210000010441,2.1E+11,
STELLA ROSA GOLDEN HONEY PEACH 750ML,nv,11.99,750ml,https://shop.oceanwineandspirits.com/product/210000010465,2.1E+11,
LOUIS ROEDERER ROSE 2016 750ML,2016,93.99,750ml,https://shop.oceanwineandspirits.com/product/734599611650,7.346E+11,
EMILLIO MORO TINTO 2020 750ML,2020,27.99,750ml,https://shop.oceanwineandspirits.com/product/663985002546,6.63985E+11,
ALTO MONCAYO VERATON 750ML,nv,34.99,750ml,https://shop.oceanwineandspirits.com/product/210000010479,2.1E+11,
ALTA MONCAYO GARNACHA 2021,2021,47.99,750ml,https://shop.oceanwineandspirits.com/product/210000010480,2.1E+11,
CHATEAU DU PARC 2016 750ML,2016,52.99,750ml,https://shop.oceanwineandspirits.com/product/210000010484,2.1E+11,
14 HANDS ROSE BUBBLES UNICORN,nv,0,750ml,https://shop.oceanwineandspirits.com/product/210000010519,2.1E+11,
FLEUR DE PEDESCLAUX PAUILLAC 2020,2020,32.99,750ml,https://shop.oceanwineandspirits.com/product/210000010531,2.1E+11,
CHATEAU PLINCETTE POMEROL 2020,2020,47.99,750ml,https://shop.oceanwineandspirits.com/product/210000010532,2.1E+11,
MARTINELLI BELLA VIGNA PINOT NOIR 2022,2022,49.99,750ml,https://shop.oceanwineandspirits.com/product/210000010534,2.1E+11,
TEXTBOOK NAPA VALLEY 750ML,nv,37.99,750ml,https://shop.oceanwineandspirits.com/product/210000010538,2.1E+11,
SALDO SHIRAZ 750ML,nv,19.99,750ml,https://shop.oceanwineandspirits.com/product/210000010540,2.1E+11,
UNSHACKLED CHARDONNAY 750ML,nv,14.99,750ml,https://shop.oceanwineandspirits.com/product/210000010541,2.1E+11,
"CATERWAUL CABERNET SAUVIGNON, NAPPA VALLEY 2023",2023,54.99,750ml,https://shop.oceanwineandspirits.com/product/210000010554,2.1E+11,
DARIOUSH NAPA CABERNET 750ML CS,nv,129.99,750ml,https://shop.oceanwineandspirits.com/product/899498000179,8.99498E+11,
PERRIER JOUET BELLE EPOQUE ROSE 750ML 2012 (BOX) CS,2012,359.99,750ml,https://shop.oceanwineandspirits.com/product/852832105275,8.52832E+11,
TENUTA REGALEALI NERO D' AVOLA 750ML,nv,18.99,750ml,https://shop.oceanwineandspirits.com/product/210000010597,2.1E+11,
FAIRLIFE MILK 2%,nv,0,750ml,https://shop.oceanwineandspirits.com/product/210000010615,2.1E+11,
LOUIS ROEDERER CHAMPAGNE BRUT COLLECTION 244 750ML (GIFT BOX),nv,64.99,750ml,https://shop.oceanwineandspirits.com/product/210000010618,2.1E+11,
DOUBLE DIAMOND SAUVIGNON BLANC,nv,51.99,750ml,https://shop.oceanwineandspirits.com/product/210000010620,2.1E+11,
AUGUSTINE BORDEAUX BLANC 750ML,nv,17.99,750ml,https://shop.oceanwineandspirits.com/product/210000010637,2.1E+11,
PERRIER-JOUET BELLE EPOQUE 750ML CS (Box),nv,244.99,750ml,https://shop.oceanwineandspirits.com/product/210000010656,2.1E+11,
MIONETTO LUX PROSECCO VALD SUP,nv,15.99,750ml,https://shop.oceanwineandspirits.com/product/0816253010624,8.16253E+11,
DOM OTT MIREILLE BLANC DE BLANC 750ML,nv,55.99,750ml,https://shop.oceanwineandspirits.com/product/210000010686,2.1E+11,
Windstorm Chardonnay Central Coast 2023,2023,15.99,750ml,https://shop.oceanwineandspirits.com/product/210000010693,2.1E+11,
JUAN GIL RED BLEND RED LABEL 750ML,nv,13.99,750ml,https://shop.oceanwineandspirits.com/product/210000010764,2.1E+11,
XXL BLACKBERRY 750ML,nv,9.99,750ml,https://shop.oceanwineandspirits.com/product/210000010765,2.1E+11,
PIO CESARE BARBERA D'ALBA 750ML,nv,26.99,750ml,https://shop.oceanwineandspirits.com/product/8014629082417,8.01463E+12,
JOSEPH PHELPS CABERNET SAUVIGNON MAGNUM 1.5L,nv,159.99,1.5L,https://shop.oceanwineandspirits.com/product/210000010805,2.1E+11,
DOM GROSSES PIER SANCERRE 750ML,nv,34.99,750ml,https://shop.oceanwineandspirits.com/product/210000010809,2.1E+11,
CHATEAU L'ORANGERIE 2021 BORDEAUX  750ML,2021,23.99,750ml,https://shop.oceanwineandspirits.com/product/210000010810,2.1E+11,
ANGEL FALLS LOIRE VALLEY FRANCE 750ML,nv,23.99,750ml,https://shop.oceanwineandspirits.com/product/210000010811,2.1E+11,
ZENSA 2020 PUGLIA ITALY 750ML,2020,18.99,750ml,https://shop.oceanwineandspirits.com/product/210000010812,2.1E+11,
ROCCA DEL DRAGONE 2021  CAMPANIA 750ML,2021,16.99,750ml,https://shop.oceanwineandspirits.com/product/210000010813,2.1E+11,
VAI LAMBRUSCO FRIZZANTE  SECCO N/V ITALY 750 ML,nv,18.99,750ml,https://shop.oceanwineandspirits.com/product/210000010814,2.1E+11,
LA BERRIERE MUSCADET 2021 FRANCE 750ML,2021,20.99,750ml,https://shop.oceanwineandspirits.com/product/210000010815,2.1E+11,
MAXALE 2021 APPASSIMENTO PRIMITIVO ITALY 750ML,2021,19.99,750ml,https://shop.oceanwineandspirits.com/product/210000010817,2.1E+11,
FERRARI RISERVA LUNELLI 750ML,nv,97.99,750ml,https://shop.oceanwineandspirits.com/product/210000010819,2.1E+11,
Greffiere Bourgogne Pinot Noir 2022 750ml,2022,23.99,750ml,https://shop.oceanwineandspirits.com/product/210000010823,2.1E+11,
Baron-Foucher Pouilly-Fume 2020 750ml,2020,30.99,750ml,https://shop.oceanwineandspirits.com/product/210000010824,2.1E+11,
Coteaux du Giennois Sauvignon Blanc 2022 750ml,2022,24.99,750ml,https://shop.oceanwineandspirits.com/product/210000010827,2.1E+11,
Barkan Sauvignon Blanc Classic 750ML,nv,14.99,750ml,https://shop.oceanwineandspirits.com/product/210000010838,2.1E+11,
Barkan Cabernet Sauvignon Classic,nv,14.99,750ml,https://shop.oceanwineandspirits.com/product/210000010839,2.1E+11,
Segal's Cabernet Special Reserve 750ML,nv,24.99,750ml,https://shop.oceanwineandspirits.com/product/210000010840,2.1E+11,
STAG'S LEAP CASK 23 2019 CAB SAUV 1.5L,2019,829.99,1.5L,https://shop.oceanwineandspirits.com/product/210000010855,2.1E+11,
VAJRA BAROLO ALBE 2020 750ML,2020,38.99,750ml,https://shop.oceanwineandspirits.com/product/210000010918,2.1E+11,
LA POSTA PIZZELLA MALBEC 750ML,nv,0,750ml,https://shop.oceanwineandspirits.com/product/210000010938,2.1E+11,
AMELIE & CHARLES SPARR PINOT GRIS 750ML,nv,28.99,750ml,https://shop.oceanwineandspirits.com/product/210000010968,2.1E+11,
DOM PERIGNON BRUT 2015 J.M.BASQUIAT 750ML CS,2015,399.99,750ml,https://shop.oceanwineandspirits.com/product/081753840372,81753840372,
LES CHAMPS CLOS SANCERRE 750ML,nv,29.99,750ml,https://shop.oceanwineandspirits.com/product/83729002821,83729002821,
TROUBLE MAKER RED BLEND 750ML,nv,14.99,750ml,https://shop.oceanwineandspirits.com/product/210000011005,2.1E+11,
SOONHARI SOJU APPLE MANGO 375ML,nv,4.99,375ml,https://shop.oceanwineandspirits.com/product/850052711313,8.50053E+11,
SOONHARI SOJU STRAWBERRY 375ML,nv,4.99,375ml,https://shop.oceanwineandspirits.com/product/210000011019,2.1E+11,
CAMILUCCI AMMONITIES FRANCIACORTA 750ML,nv,52.99,750ml,https://shop.oceanwineandspirits.com/product/123456777,123456777,
SILVER OAK ALEXANDER VALLEY CABERNET SAUVIGNON 1.5L,nv,0,1.5L,https://shop.oceanwineandspirits.com/product/785214190159,7.85214E+11,
CHAMPAGNE COLLET BLANC DE NOIRS 1ST CRU 750ML,nv,52.99,750ml,https://shop.oceanwineandspirits.com/product/850709002702,8.50709E+11,
JUSTIN CAB SAUV 375ML,nv,0,375ml,https://shop.oceanwineandspirits.com/product/210000011092,2.1E+11,
CHATEAU GRAND PUY LACOSTE 2021 750ML,2021,109.99,750ml,https://shop.oceanwineandspirits.com/product/3666436000761,3.66644E+12,
DUCKHORN CHARDONNAY 375ML,nv,14.99,375ml,https://shop.oceanwineandspirits.com/product/210000011095,2.1E+11,
Armand de Brignac Green Ace of Spades Brut Champagne,nv,369.99,750ml,https://shop.oceanwineandspirits.com/product/210000011104,2.1E+11,
BLACK STALLION  NAPA CAB LTD RL  750ML,nv,53.99,750ml,https://shop.oceanwineandspirits.com/product/082245015721,82245015721,
DOUBLE DIAMOND CAB SAUV 2019,2019,179.99,750ml,https://shop.oceanwineandspirits.com/product/210000011113,2.1E+11,
J.MOREAU & FILS CHABLIS GRAND CRU 2021 750ML,2021,108.99,750ml,https://shop.oceanwineandspirits.com/product/210000011114,2.1E+11,
LOUIS MOREAU CHABLIS GRAND CRU LES CLOS  2021 750ML,2021,119.99,750ml,https://shop.oceanwineandspirits.com/product/210000011115,2.1E+11,
STELLA ROSA ROSSO ORGANIC 750ML,nv,11.99,750ml,https://shop.oceanwineandspirits.com/product/210000011116,2.1E+11,
LE TOURNEBRIDE SANCERRE 750ML,nv,0,750ml,https://shop.oceanwineandspirits.com/product/210000011117,2.1E+11,
PRISONER RED BLEND 1.5L,nv,79.99,1.5L,https://shop.oceanwineandspirits.com/product/210000011121,2.1E+11,
LOUIS ROEDERER BRUT 243 GB 750ML,nv,61.99,750ml,https://shop.oceanwineandspirits.com/product/0734599424359,7.34599E+11,
VEUVE CLICQUOT YELLOW LAB W/ICE JACKET 750ML,nv,59.99,750ml,https://shop.oceanwineandspirits.com/product/210000011149,2.1E+11,
HAUT BATAILLEY VERSO PAULILAC 2018 750ML,2018,45.99,750ml,https://shop.oceanwineandspirits.com/product/210000011214,2.1E+11,
FRE PINOT GRIGIO 750ML,nv,9.99,750ml,https://shop.oceanwineandspirits.com/product/857262,857262,
BAREFOOT SAUVIGNON BLANC 4 PACK 187ML,nv,8.99,187ml,https://shop.oceanwineandspirits.com/product/210000011242,2.1E+11,
BLACK BOX PINOT NOIR 500ML,nv,4.99,500ml,https://shop.oceanwineandspirits.com/product/210000011243,2.1E+11,
HAHN PINOT NOIR 750ML,nv,12.99,750ml,https://shop.oceanwineandspirits.com/product/086788888023,86788888023,
BAREFOOT CHARDONNAY 4PK single,nv,4.5,750ml,https://shop.oceanwineandspirits.com/product/855360,855360,
BAREFOOT MOSCATO 4PACK single,nv,3.99,750ml,https://shop.oceanwineandspirits.com/product/855590,855590,
BAREFOOT SAUVIGNON BLANC 4 PACK 187ML single,nv,4.5,187ml,https://shop.oceanwineandspirits.com/product/857590,857590,
BAREFOOT PINOT GRIGIO 4 PACK 187ML single,nv,2.99,187ml,https://shop.oceanwineandspirits.com/product/855280,855280,
CA DEL BOSCO CUVEE PRESTIGE ROSE 750ML,nv,52.99,750ml,https://shop.oceanwineandspirits.com/product/896383000993,8.96383E+11,
MAAL BIOLENTO MALBEC 750ML,nv,22.99,750ml,https://shop.oceanwineandspirits.com/product/089419376135,89419376135,
ALMA NEGRA MALBEC BLEND 750,nv,18.99,750ml,https://shop.oceanwineandspirits.com/product/210000011301,2.1E+11,
WHISPERING ANGEL KOSHER 750ML,nv,23.99,750ml,https://shop.oceanwineandspirits.com/product/210000011307,2.1E+11,
CAYMUS SUISUN WALKING FOOL 1.5,nv,0,750ml,https://shop.oceanwineandspirits.com/product/210000011313,2.1E+11,
LEVIATHAN RED WINE D-MAGNUM (3L),nv,149.99,3L,https://shop.oceanwineandspirits.com/product/LEV3L,LEV3L,
MOET NECTAR IMPERIAL ROSE 375ML,nv,39.99,375ml,https://shop.oceanwineandspirits.com/product/210000011322,2.1E+11,
KENDALL JACKSON CABERNET SAUVIGNON GRAND RESERVE SONOMA COUNTY 750ML -,nv,29.99,750ml,https://shop.oceanwineandspirits.com/product/210000011357,2.1E+11,
BEZEL BY CAKEBREAD CAB SAUV 750ML,nv,25.99,750ml,https://shop.oceanwineandspirits.com/product/210000011375,2.1E+11,
BEZEL BY CAKEBREAD CHARDONNAY 750ML,nv,21.99,750ml,https://shop.oceanwineandspirits.com/product/210000011376,2.1E+11,
HESS MAVERICK RANCH SAUV BLANC 750ML,nv,18.99,750ml,https://shop.oceanwineandspirits.com/product/210000011385,2.1E+11,
DOMAINE AMELIE & CHARLES SPARR PINOR NOIR CARPE DIEM 750ML,nv,23.99,750ml,https://shop.oceanwineandspirits.com/product/210000011422,2.1E+11,
TERRAZAS CHARDONNAY RSV 750ML,nv,15.99,750ml,https://shop.oceanwineandspirits.com/product/210000011429,2.1E+11,
MOET IMP BRUT PHARRELL GB 750ML,nv,49.99,750ml,https://shop.oceanwineandspirits.com/product/081753840976,81753840976,
MOET IMP NECTAR ROSE PHARRELL GB,nv,54.99,750ml,https://shop.oceanwineandspirits.com/product/210000011432,2.1E+11,
OPUS ONE RED WINE 2021 750ML,2021,0,750ml,https://shop.oceanwineandspirits.com/product/210000011486,2.1E+11,
THREADCOUNT QUILT NAPA VALLEY CABERNET SAUVIGNON 750ML,nv,29.99,750ml,https://shop.oceanwineandspirits.com/product/210000011500,2.1E+11,
DECOY MERLOT ALEXANDER VALLEY 750ML,nv,23.99,750ml,https://shop.oceanwineandspirits.com/product/210000011502,2.1E+11,
DOMAINE DE CHEVALIER PESSAC LEOGNAN 750ML,nv,86.99,750ml,https://shop.oceanwineandspirits.com/product/210000011524,2.1E+11,
CHATEAU MEYNEY SAINT ESTEPHE 750ML,nv,49.99,750ml,https://shop.oceanwineandspirits.com/product/210000011525,2.1E+11,
DELAS COTES DU RHONE ROUGE SAINT ESPRIT 750ML,nv,14.99,750ml,https://shop.oceanwineandspirits.com/product/210000011526,2.1E+11,
RAMON BILBAO RIOJA TEMPRANILLO LIMITED EDITION 750ML,nv,19.99,750ml,https://shop.oceanwineandspirits.com/product/210000011528,2.1E+11,
A TO Z RED BLEND ENGRAVED 750ML,nv,12.99,750ml,https://shop.oceanwineandspirits.com/product/210000011538,2.1E+11,
CHT STE MICH CAB SAUV IND WELL 750ML,nv,15.99,750ml,https://shop.oceanwineandspirits.com/product/210000011542,2.1E+11,
SANTA CRISTINA CAB SAUV TOSCANA 750ML,nv,11.99,750ml,https://shop.oceanwineandspirits.com/product/210000011543,2.1E+11,
DETAILS BY SINEGAL SAUVIGNON BLANC NORTH COAST 750ML,nv,23.99,750ml,https://shop.oceanwineandspirits.com/product/850007267131,8.50007E+11,
DETAILS BY SINEGAL CABERNET SAUVIGNON SONOMA COUNTY 750ML,nv,39.99,750ml,https://shop.oceanwineandspirits.com/product/210000011562,2.1E+11,
LA PORTE BLANCHE SANCERRE 750ML,nv,28.99,750ml,https://shop.oceanwineandspirits.com/product/210000011589,2.1E+11,
LISTEL GRAIN DE GRIS ROSE 750,nv,9.99,750ml,https://shop.oceanwineandspirits.com/product/210000011615,2.1E+11,
PURE PASO J LOHR PROPRIETARY RED WINE PASO ROBLES 750ML,nv,23.99,750ml,https://shop.oceanwineandspirits.com/product/210000011624,2.1E+11,
GUIGAL SAINT JOSEPH WHITE RHONE,nv,37.99,750ml,https://shop.oceanwineandspirits.com/product/210000011627,2.1E+11,
GUIGAL CHATEAUNEUF DU PAPE 750ML,nv,49.99,750ml,https://shop.oceanwineandspirits.com/product/210000011628,2.1E+11,
MAISON CHANTAL SANCERRE 750ML,nv,32.99,750ml,https://shop.oceanwineandspirits.com/product/210000011629,2.1E+11,
WILLIAM FEVRE CHABLIS 750ML,nv,37.99,750ml,https://shop.oceanwineandspirits.com/product/210000011630,2.1E+11,
PEYRASSOL LA CROIX ROSE 750ML,nv,17.99,750ml,https://shop.oceanwineandspirits.com/product/210000011631,2.1E+11,
PETITE CONNETABLE SAUV BLANC 750ML,nv,13.99,750ml,https://shop.oceanwineandspirits.com/product/210000011632,2.1E+11,
DELAS CHATEAUNEUF-DU-PAPE 750ML,nv,57.99,750ml,https://shop.oceanwineandspirits.com/product/210000011634,2.1E+11,
CHATEAU LANESSAN HAUT-MEDOC 750ML,nv,25.99,750ml,https://shop.oceanwineandspirits.com/product/649185028425,6.49185E+11,
GARESIO BAROLO SERRALUNGA 750ML,nv,46.99,750ml,https://shop.oceanwineandspirits.com/product/210000011637,2.1E+11,
LUCE LUCENTE TOSCANA RED 750ML,nv,21.99,750ml,https://shop.oceanwineandspirits.com/product/210000011653,2.1E+11,
VEUVE DU VERNAY ICE ROSE 6 PACK,nv,0,750ml,https://shop.oceanwineandspirits.com/product/210000011656,2.1E+11,
CHATEAU GRAND PUY LACOSTE PAUILLAC 2018 750ML,2018,131.99,750ml,https://shop.oceanwineandspirits.com/product/210000011663,2.1E+11,
CHATEAU D'ESCLANS GARRUS ROSE 750ML,nv,99.99,750ml,https://shop.oceanwineandspirits.com/product/210000011664,2.1E+11,
CAYMUS CABERNET SAUVIGNON NAPA 3L,nv,0,3L,https://shop.oceanwineandspirits.com/product/210000011665,2.1E+11,
TENUTA DI BISERNO INSOGLIO RED 750ML,nv,31.99,750ml,https://shop.oceanwineandspirits.com/product/210000011668,2.1E+11,
TENUTA SAN SAN GUIDO LE DIFESE RED 750ML,nv,46.99,750ml,https://shop.oceanwineandspirits.com/product/210000011669,2.1E+11,
MARQ CACERES ALBARINO DEUSA NAI 750ML,nv,19.99,750ml,https://shop.oceanwineandspirits.com/product/210000011672,2.1E+11,
LOUIS LATOUR CHASSAGNE MONTRACHET 2023 750ML,2023,119.99,750ml,https://shop.oceanwineandspirits.com/product/210000011673,2.1E+11,
HENRI REBOURSEAU CLOS DE VOUGEOT GRAND CRU 2020 750ML,2020,354.99,750ml,https://shop.oceanwineandspirits.com/product/210000011674,2.1E+11,
LOUIS LATOUR CORTON CLOS DE LA VIGNE AU SAINT GRAND CRU 2020 750ML,2020,159.99,750ml,https://shop.oceanwineandspirits.com/product/210000011675,2.1E+11,
OLIVIER LEFLAIVE SAINT AUBIN LES CHAMPLOTS PREMIER CRU 2021 750ML,2021,116.99,750ml,https://shop.oceanwineandspirits.com/product/210000011676,2.1E+11,
GERARD RAPHET CLOS DE VOUGEOT GRAND CRU VIEILLES VIGNES 2020,2020,279.99,750ml,https://shop.oceanwineandspirits.com/product/RAPHET VOUGEOT,RAPHET VOUGEOT,
NICOLAS FEUILLATTE BRUT 187ML,nv,10.99,187ml,https://shop.oceanwineandspirits.com/product/086785593821,86785593821,
BERTRAND GRIS BLANC ROSE 750ML,nv,15.99,750ml,https://shop.oceanwineandspirits.com/product/210000011726,2.1E+11,
ZACHLAWI PISTACHIO ARAK KOSHER 750ML,nv,44.99,750ml,https://shop.oceanwineandspirits.com/product/210000011733,2.1E+11,
ZACHLAWI FIG ARAK KOSHER 750ML,nv,44.99,750ml,https://shop.oceanwineandspirits.com/product/210000011734,2.1E+11,
BROADBENT VINHO VERDE SUNFLOWER 750ML,nv,9.99,750ml,https://shop.oceanwineandspirits.com/product/210000011739,2.1E+11,
SOKOL BLOSSER PINOT NOIR REDLAND CUVEE,nv,19.99,750ml,https://shop.oceanwineandspirits.com/product/088473326124,88473326124,
CASTIGLION DEL BOSCO BRUN MONT 750ML,nv,67.99,750ml,https://shop.oceanwineandspirits.com/product/210000011755,2.1E+11,
KRUG GRANDE CUVEE 172ND ED GB 750ML,nv,268.99,750ml,https://shop.oceanwineandspirits.com/product/081753839529,81753839529,
KRUG ROSE 28TH ED 750ML,nv,449.99,750ml,https://shop.oceanwineandspirits.com/product/210000011758,2.1E+11,
CATENA ZAPATA NICASIA MALBEC 750ML,nv,109.99,750ml,https://shop.oceanwineandspirits.com/product/210000011761,2.1E+11,
CATENA ZAPATA AGENTINO MALBEC 750ML,nv,109.99,750ml,https://shop.oceanwineandspirits.com/product/210000011762,2.1E+11,
CATENA ALTA MALBEC 750ML,nv,53.99,750ml,https://shop.oceanwineandspirits.com/product/210000011763,2.1E+11,
AUSTIN HOPE CAB SAUV RESERVE 750ML,nv,124.99,750ml,https://shop.oceanwineandspirits.com/product/210000011783,2.1E+11,
JEEPER XXI SILVER 750ML,nv,92.99,750ml,https://shop.oceanwineandspirits.com/product/210000011792,2.1E+11,
JEEPER SILVER SILVER 375ML,nv,52.99,375ml,https://shop.oceanwineandspirits.com/product/210000011797,2.1E+11,
BELLE GLOS PINOT NOIR EULENLOCH 750ML,nv,69.99,750ml,https://shop.oceanwineandspirits.com/product/210000011836,2.1E+11,
COACH INSIGNIA Napa Cab 750ML,nv,143.99,750ml,https://shop.oceanwineandspirits.com/product/210000011880,2.1E+11,
MANISCHEWITZ ELIJAH CHARD 750ML KOSHER,nv,12.99,750ml,https://shop.oceanwineandspirits.com/product/210000011894,2.1E+11,
CAKEBREAD DANCING CAB SAUV 750ML,nv,187.99,750ml,https://shop.oceanwineandspirits.com/product/210000011898,2.1E+11,
OLEMA CABERNET SONOMA COUNTY,nv,22.99,750ml,https://shop.oceanwineandspirits.com/product/210000011910,2.1E+11,
TEMPO D' ANGELUS 2023 750ML,2023,34.99,750ml,https://shop.oceanwineandspirits.com/product/210000011958,2.1E+11,
DEPT 66 FRAGILE ROSE 750ML,nv,12.99,750ml,https://shop.oceanwineandspirits.com/product/210000011961,2.1E+11,
ORIN SWIFT SIGN OF TIMES RED 750ML,nv,27.99,750ml,https://shop.oceanwineandspirits.com/product/210000011962,2.1E+11,
TIZIANO CHIANTI DOCG 750ML,nv,10.99,750ml,https://shop.oceanwineandspirits.com/product/210000011963,2.1E+11,
UMANI RONCHI PODERE MONTE ABRUZZO 750ML,nv,10.99,750ml,https://shop.oceanwineandspirits.com/product/210000011964,2.1E+11,
UMANI RONCHI VELLODORO PECORINO 750ML,nv,14.99,750ml,https://shop.oceanwineandspirits.com/product/210000011965,2.1E+11,
BONANZA CAB SAUV THE VINEKEEPER,nv,36.99,750ml,https://shop.oceanwineandspirits.com/product/210000011990,2.1E+11,
SONOMA-CUTRER SAUVIGNON BLANC 750ml,nv,26.99,750ml,https://shop.oceanwineandspirits.com/product/210000012015,2.1E+11,
DECOY CABERNET SAUVIGNON PASO ROBLES 750ml,nv,22.99,750ml,https://shop.oceanwineandspirits.com/product/210000012016,2.1E+11,
XXL ORANGE 750ML,nv,0,750ml,https://shop.oceanwineandspirits.com/product/763955000357,7.63955E+11,
FRESCOBALDI CASSTELGIOCONDO BRUNELO DI  MONTALCINO 2019 750ML,2019,132.99,750ml,https://shop.oceanwineandspirits.com/product/210000012020,2.1E+11,
DOMAINE LEON BARRAL FAUGERES RED 750ML,nv,44.99,750ml,https://shop.oceanwineandspirits.com/product/210000012038,2.1E+11,
CHATEAU TRINQUEVEDEL TAVEL ROSE 750ML,nv,13.99,750ml,https://shop.oceanwineandspirits.com/product/210000012041,2.1E+11,
SEAGLASS PINOT GRIGIO SANTA BARBARA COUNTY 750ML,nv,0,750ml,https://shop.oceanwineandspirits.com/product/210000012061,2.1E+11,
CAVIT PINOT NOIR 750ML,nv,12.99,750ml,https://shop.oceanwineandspirits.com/product/210000012070,2.1E+11,
ROYAL TOKAJI RED LABEL 5 PUTTONYOS 500ML,nv,63.99,500ml,https://shop.oceanwineandspirits.com/product/210000012090,2.1E+11,
MOREY VINCENT CHASSAGNE 1ER EMBRAZEES 750ML,nv,95.99,750ml,https://shop.oceanwineandspirits.com/product/MOREY EMB,MOREY EMB,
LA SPINETTA ROSE di CASANOVA 750,nv,21.99,750ml,https://shop.oceanwineandspirits.com/product/210000012098,2.1E+11,
ARNAUD BAILLOT BOURGOGNE ROUGE COTE D'OR PINOT NOIR 750ML,nv,34.99,750ml,https://shop.oceanwineandspirits.com/product/210000012099,2.1E+11,
2017 ALBERT BICHOT SAVIGNY-LES-BEAUNE  750ML,2017,49.99,750ml,https://shop.oceanwineandspirits.com/product/210000012110,2.1E+11,
PAHLMEYER RED 1.5L 2021,2021,499.99,1.5L,https://shop.oceanwineandspirits.com/product/PAHLMEYER,PAHLMEYER,
MAAL AMBIGUO MALBEC ROSE 750ML,nv,0,750ml,https://shop.oceanwineandspirits.com/product/210000012115,2.1E+11,
LOS VASCOS CABERNET SAUVIGNON 750ML CHILE,nv,11.99,750ml,https://shop.oceanwineandspirits.com/product/722358411108,7.22358E+11,
TAITTINGER PRESTIGE ROSE 375ML,nv,0,375ml,https://shop.oceanwineandspirits.com/product/210000012121,2.1E+11,
KENDALL JACKSON V/R BRUT CUVEE 750ML,nv,19.99,750ml,https://shop.oceanwineandspirits.com/product/210000012127,2.1E+11,
OPUS ONE 2022 750ML,2022,499.99,750ml,https://shop.oceanwineandspirits.com/product/210000012148,2.1E+11,
BARTENURA DOLCE SPUMANTE PROVINCIA DI PAVIA 750ML,nv,17.99,750ml,https://shop.oceanwineandspirits.com/product/210000012176,2.1E+11,
ELOUAN PINOT NOIR RSV GOOD LIGHT 750ML,nv,39.99,750ml,https://shop.oceanwineandspirits.com/product/850031776029,8.50032E+11,
JANUIK MERLOT COLUMBIA VALLEY 750ML,nv,27.99,750ml,https://shop.oceanwineandspirits.com/product/210000012230,2.1E+11,
KERMIT LYNCH COTES DU RHONE ROUGE 750ML,nv,13.99,750ml,https://shop.oceanwineandspirits.com/product/761503634559,7.61504E+11,
MARCO FELLUGA PINOT GRIGIO MONGRIS 750ML,nv,16.99,750ml,https://shop.oceanwineandspirits.com/product/210000012232,2.1E+11,
MOMMESSIN COTE DE BROUILLY GRAND MISES 750ML,nv,23.99,750ml,https://shop.oceanwineandspirits.com/product/210000012233,2.1E+11,
CHATEAU DE PARENCHERE BORDEAUX SUPERIEUR 750ML,nv,19.99,750ml,https://shop.oceanwineandspirits.com/product/210000012234,2.1E+11,
ALSACE WILLM CREMANT  BRUT ROSE 750ML,nv,21.99,750ml,https://shop.oceanwineandspirits.com/product/210000012236,2.1E+11,
ALSACE WILLM BRUT CREMANT BLANC DE NOIRS  750ML,nv,21.99,750ml,https://shop.oceanwineandspirits.com/product/210000012237,2.1E+11,
LA COSTA PINOT GRIGIO 1.5L,nv,0,1.5L,https://shop.oceanwineandspirits.com/product/210000012245,2.1E+11,
DAOU PESSIMIST RED BLEND 375ML,nv,12.99,375ml,https://shop.oceanwineandspirits.com/product/210000012314,2.1E+11,
BELLAGIO CHIANTI 750ML,nv,0,750ml,https://shop.oceanwineandspirits.com/product/210000012318,2.1E+11,
JOSH NORTH COAST RESERVE CAB SAUV 750ML,nv,16.99,750ml,https://shop.oceanwineandspirits.com/product/210000012332,2.1E+11,
THE LANGUAGE OF YES CUVEE SINSO 750ML,nv,0,750ml,https://shop.oceanwineandspirits.com/product/210000012333,2.1E+11,
BAREFOOT CABERNET SAUVIGNON 4 PACK,nv,0,750ml,https://shop.oceanwineandspirits.com/product/210000012360,2.1E+11,
MOET & CHANDON CHAMPAGNE NECTAR IMPERIAL 750ML,nv,59.99,750ml,https://shop.oceanwineandspirits.com/product/210000012362,2.1E+11,
ECCO DOMANI PINOT GRIGIO 90 CAL 750ML,nv,10.99,750ml,https://shop.oceanwineandspirits.com/product/210000012370,2.1E+11,
BEAUMONT CHENIN BLANC 2024 750ML,2024,19.99,750ml,https://shop.oceanwineandspirits.com/product/210000012377,2.1E+11,
BONPAS COTES DU RHONE CHARTREUSE DE BONPAS 750ML,nv,14.99,750ml,https://shop.oceanwineandspirits.com/product/210000012378,2.1E+11,
REGIS & LAURENT DOM FORET GASSELIN SANCERRE 750ML,nv,33.99,750ml,https://shop.oceanwineandspirits.com/product/210000012379,2.1E+11,
ST. FRANCIS MERLOT RESERVE 750ML,nv,39.99,750ml,https://shop.oceanwineandspirits.com/product/210000012382,2.1E+11,
CARPANO BIANCO VERMOUTH 750ML,nv,19.99,750ml,https://shop.oceanwineandspirits.com/product/210000012384,2.1E+11,
CARPANO DRY VERMOUTH 750ML,nv,19.99,750ml,https://shop.oceanwineandspirits.com/product/210000012385,2.1E+11,
DOMAINE DE L'ILE PORQUEROLLES 2022 750ML,2022,28.99,750ml,https://shop.oceanwineandspirits.com/product/210000012386,2.1E+11,
ALBERT BICHOT MEURSAULT BLANC 2023 750ML,2023,159.99,750ml,https://shop.oceanwineandspirits.com/product/210000012415,2.1E+11,
WENTE SOUTHERN HILLS CAB SAUV 750ML,nv,29.99,750ml,https://shop.oceanwineandspirits.com/product/210000012424,2.1E+11,
MISCHA LA FAMILLE SOUTH AFRICAN CAB SAUV 750ML,nv,19.99,750ml,https://shop.oceanwineandspirits.com/product/210000012429,2.1E+11,
KWV CLASSIC SOUTH AFRICAN CAB SAUV 750ML,nv,14.99,750ml,https://shop.oceanwineandspirits.com/product/210000012430,2.1E+11,
NIEL JOUBERT SOUTH AFRICAN CHENIN BLANC 750ML,nv,12.99,750ml,https://shop.oceanwineandspirits.com/product/210000012431,2.1E+11,
SEA SMOKE CHARDONNAY 750ML,nv,92.99,750ml,https://shop.oceanwineandspirits.com/product/210000012432,2.1E+11,
MEIOMI SAUVIGNON BLANC 750ML,nv,15.99,750ml,https://shop.oceanwineandspirits.com/product/210000012466,2.1E+11,
ALLAN SCOTT PINOT NOIR 750ML,nv,20.99,750ml,https://shop.oceanwineandspirits.com/product/210000012468,2.1E+11,
ALLAN SCOTT SAUVIGNON BLANC 750ML,nv,15.99,750ml,https://shop.oceanwineandspirits.com/product/210000012470,2.1E+11,
ALLAN SCOTT SAUVIGNON BLANC BLACK LABEL 750ML,nv,21.99,750ml,https://shop.oceanwineandspirits.com/product/210000012472,2.1E+11,
JANSZ SPARKLING CUVEE,nv,31.99,750ml,https://shop.oceanwineandspirits.com/product/210000012493,2.1E+11,
BRAMARE MENDOZA,nv,43.99,750ml,https://shop.oceanwineandspirits.com/product/210000012494,2.1E+11,
ALLESVERLOREN CABERNET SAUVIGNON 2020,2020,30.99,750ml,https://shop.oceanwineandspirits.com/product/210000012495,2.1E+11,
LAPOSTOLLE LA PARCELLE 8,nv,158.99,750ml,https://shop.oceanwineandspirits.com/product/210000012496,2.1E+11,
BAREFOOT CAB SAUV 187ML SINGLE,nv,0,187ml,https://shop.oceanwineandspirits.com/product/855210,855210,
BAREFOOT MERLOT 187ML,nv,0,187ml,https://shop.oceanwineandspirits.com/product/08554600,8554600,
MIGUEL TORRES ANDICA ORGANIC SAUV BLANC CHILE 750ML,nv,0,750ml,https://shop.oceanwineandspirits.com/product/210000012499,2.1E+11,
J. MOREAU & FILS GLOIRE de CHABLIS 750,nv,31.99,750ml,https://shop.oceanwineandspirits.com/product/210000012539,2.1E+11,
BERTRAND COTE DES ROSES ESPRIT 750,nv,18.99,750ml,https://shop.oceanwineandspirits.com/product/210000012544,2.1E+11,
LOUIS ROEDERER CRISTAL 2016 750ML,2016,369.99,750ml,https://shop.oceanwineandspirits.com/product/210000012545,2.1E+11,
LOUIS ROEDERER ROSE 2017 750ML,2017,99.99,750ml,https://shop.oceanwineandspirits.com/product/210000012546,2.1E+11,
ILLAHE PINOT GRIS 750ML,nv,25.99,750ml,https://shop.oceanwineandspirits.com/product/210000012595,2.1E+11,
MINUTY PRESTIGE BLANC 750ML,nv,26.99,750ml,https://shop.oceanwineandspirits.com/product/210000012613,2.1E+11,
PIERRICK HARANG CINSAULT ROSE 2024,2024,11.99,750ml,https://shop.oceanwineandspirits.com/product/72826,72826,
FORTUNATE SON CAB SAUV DREAMER 750ML,nv,159.99,750ml,https://shop.oceanwineandspirits.com/product/FORTUNATE DREAMER,FORTUNATE DREAMER,
FORTUNATE SON RED BLEND DIPLOMAT 750ML,nv,159.99,750ml,https://shop.oceanwineandspirits.com/product/FORTUNATE DIPLOMAT,FORTUNATE DIPLOMAT,
FORTUNATE SON CAB SAUV WARRIOR 750ML,nv,359.99,750ml,https://shop.oceanwineandspirits.com/product/FORTUNATE WARRIOR,FORTUNATE WARRIOR,
DASSAI JUNMAI DAIGINJO SAKE 45 720ML,nv,39.99,750ml,https://shop.oceanwineandspirits.com/product/011152492957,11152492957,
KUBOTA SENJYU GINJO 720ML,nv,23.99,750ml,https://shop.oceanwineandspirits.com/product/210000012643,2.1E+11,
HAKKAISON JUNMAI DAIGINJO 45 720ML,nv,33.99,750ml,https://shop.oceanwineandspirits.com/product/210000012644,2.1E+11,
JOSH CELLARS CAB SAUVIGNON 1.5L,nv,0,1.5L,https://shop.oceanwineandspirits.com/product/31259005010,31259005010,
IWA 5 SAKE JUNMAI DAIGINJO ASSEMBLAGE 5 720ML,nv,179.99,750ml,https://shop.oceanwineandspirits.com/product/210000012710,2.1E+11,
LA PETITE LUNE 750ML,nv,16.99,750ml,https://shop.oceanwineandspirits.com/product/210000012716,2.1E+11,
DOM PERIGNON BRUT ROSE 750ML,nv,529.99,750ml,https://shop.oceanwineandspirits.com/product/210000012733,2.1E+11,
Viognier 2023 | Pierrick Harang Cuvee Balthazar,2023,18.99,750ml,https://shop.oceanwineandspirits.com/product/VIVI-0749,VIVI-0749,
Minervois AOC Blanc 2023 | Pierrick Harang Le Bio Balthazar,2023,15.99,750ml,https://shop.oceanwineandspirits.com/product/VIVI-0748,VIVI-0748,
Minervois AOC Rouge 2022 | Pierrick Harang Le Bio Balthazar,2022,15.99,750ml,https://shop.oceanwineandspirits.com/product/VIVI-0697,VIVI-0697,
Cinsault Rose 2024 Pays D’Oc | Pierrick Harang Le Petit Balthazar,2024,11.99,750ml,https://shop.oceanwineandspirits.com/product/210000012747,2.1E+11,
SOON HARI APPLE MANGO 375ML,nv,0,375ml,https://shop.oceanwineandspirits.com/product/210000012770,2.1E+11,
SOON HARI GRAPE 375ML,nv,0,375ml,https://shop.oceanwineandspirits.com/product/210000012773,2.1E+11,
DAOU CAB SAUV 375ML,nv,15.99,375ml,https://shop.oceanwineandspirits.com/product/210000012777,2.1E+11,
BENVOLIO PROSECCO 750ML,nv,11.99,750ml,https://shop.oceanwineandspirits.com/product/210000012797,2.1E+11,
FIO A FIO VERDE 750ML,nv,13.99,750ml,https://shop.oceanwineandspirits.com/product/210000012798,2.1E+11,
PAZOS DE LUSCO ALBARINO 750ML,nv,17.99,750ml,https://shop.oceanwineandspirits.com/product/210000012799,2.1E+11,
MARC BREDIF VOUVRAY 750ML,nv,23.99,750ml,https://shop.oceanwineandspirits.com/product/MARC BREDIF,MARC BREDIF,
MARKHAM MERLOT YOUNTVILLE 750ML,nv,58.99,750ml,https://shop.oceanwineandspirits.com/product/210000012835,2.1E+11,
ARGYLE WILLAMETTE EXTENDED TIRAGE BRUT 750ML,nv,66.99,750ml,https://shop.oceanwineandspirits.com/product/210000012836,2.1E+11,
ARGYLE VINTAGE BRUT ROSE 750ML,nv,21.99,750ml,https://shop.oceanwineandspirits.com/product/210000012837,2.1E+11,
MACROSTIE CHARDONNAY SONOMA 750ML,nv,19.99,750ml,https://shop.oceanwineandspirits.com/product/210000012838,2.1E+11,
TEXTBOOK YOUNTVILLE CAB SAUV 750ML,nv,69.99,750ml,https://shop.oceanwineandspirits.com/product/210000012839,2.1E+11,
MARKHAM SIX STACK CAB SAUV 750ML,nv,21.99,750ml,https://shop.oceanwineandspirits.com/product/SIX STACK,SIX STACK,
LOVEBLOCK SAUVIGNON BLANC 750ML,nv,21.99,750ml,https://shop.oceanwineandspirits.com/product/210000012863,2.1E+11,
TYKU SAKE JUNMAI DAIGINJO PLATINUM 720ML,nv,37.99,750ml,https://shop.oceanwineandspirits.com/product/210000012874,2.1E+11,
CHATEAU D'ESCLANS ROSE 750ML,nv,45.99,750ml,https://shop.oceanwineandspirits.com/product/210000012951,2.1E+11,
DASSSAI 50 NIGORI 720ML,nv,22.99,750ml,https://shop.oceanwineandspirits.com/product/0850054469243,8.50054E+11,
PHELPS PINOT NOIR FREESTONE QUATER MOON VINEYARD 750ML,nv,124.99,750ml,https://shop.oceanwineandspirits.com/product/210000012976,2.1E+11,
PHELPS PINOT NOIR FREESTONE PASTORALE VINEYARD 750ML,nv,124.99,750ml,https://shop.oceanwineandspirits.com/product/210000012978,2.1E+11,
ARACIEL MALBEC 750ML,nv,43.99,750ml,https://shop.oceanwineandspirits.com/product/210000013002,2.1E+11,
THREADCOUNT QUILT CALIFORNIA CABERNET SAUVIGNON,nv,20.99,750ml,https://shop.oceanwineandspirits.com/product/210000013005,2.1E+11,
TWOMEY SAUVIGNON BLANC 2024 750ML,2024,24.99,750ml,https://shop.oceanwineandspirits.com/product/210000013014,2.1E+11,
AVIGNONESI VINO NOBILE DI MONTEPULCIANO 375ML,nv,15.99,375ml,https://shop.oceanwineandspirits.com/product/210000013020,2.1E+11,
DAMILLANO BAROLO LECINQUEVIGNE 375ML,nv,24.99,375ml,https://shop.oceanwineandspirits.com/product/210000013021,2.1E+11,
ALBERT BICHOT CHABLIS 750ML,nv,32.99,750ml,https://shop.oceanwineandspirits.com/product/210000013022,2.1E+11,
PAUL SCAVINO BARBERA D'ALBA 750ML,nv,22.99,750ml,https://shop.oceanwineandspirits.com/product/210000013023,2.1E+11,
KORBEL BRUT 250TH AMERICA 750ML,nv,0,750ml,https://shop.oceanwineandspirits.com/product/210000013034,2.1E+11,
ANGELS $ COWBOYS SONOMA ROSE 750ML,nv,0,750ml,https://shop.oceanwineandspirits.com/product/210000013039,2.1E+11,
